Round,femnist_norm_inspect_l2_total/benign,femnist_norm_inspect_l2_total/mal,femnist_norm_inspect_l1_total/benign,femnist_norm_inspect_l1_total/mal,femnist_norm_inspect_data_poison_l2_total/mal,femnist_norm_inspect_data_poison_l1_total/mal,femnist_norm_inspect_scaled_l2_total/mal,femnist_norm_inspect_scaled_l1_total/mal
1,5.476764202,9.744210243,8072.167969,14713.57031,6.368398666,9624.230469,292.3291016,441411.0625
2,4.260773659,8.873639107,5606.791992,13297.05371,5.993730545,8983.389648,265.9506226,398334.4688
3,4.097969532,8.442328453,5272.884766,11509.17969,4.874937057,6695.029785,253.9523773,348063.9063
4,4.14451313,8.736480713,5454.832031,12373.93457,5.864271164,8309.696289,261.4396667,369940.9688
5,4.041018486,8.82727623,5222.861328,12013.27051,5.87698698,8026.237305,263.5174561,357807.6875
6,4.045547485,9.178282738,5184.848633,12800.23145,6.107563496,8513.737305,275.7878113,384528.5938
7,4.068367958,9.184746742,5219.307617,12603.92383,6.113180161,8456.967773,276.0115662,381886.9375
8,4.003824234,9.065960884,5095.574707,12397.56641,5.092866421,6933.505859,272.338623,374411.5
9,4.126104832,9.353335381,5323.686523,13063.47168,6.25235939,8803.43457,280.9480591,393378.0625
10,4.021595955,9.254126549,5218.48877,12562.29297,5.131595135,6951.064453,278.3390808,378841.4063
11,4.320922852,9.338114738,5720.525879,12941.75098,6.179532051,8586.788086,279.6473694,387805.3438
12,3.919219017,9.118619919,5007.608887,12454.28809,6.040464878,8314.25293,275.0293579,380257.1563
13,3.853290796,9.725171089,5032.977051,13968.02734,6.454808712,9327.767578,289.1942444,414529.9063
14,3.869224548,9.490427971,4974.524414,13168.44922,6.253052235,8696.036133,283.9391174,393374.125
15,3.769651413,9.238940239,4765.417969,12754.13281,5.19507122,7171.854004,275.9299011,378960.875
16,3.748687267,9.484858513,4809.736328,13054.19531,6.230400562,8598.865234,283.8023987,390696.3438
17,3.89316988,9.226192474,4934.861328,12515.42871,5.192342758,7077.098145,277.8813782,378432.4375
18,3.802120447,9.359178543,4922.943848,12827.31055,5.193310738,7111.865234,279.7200928,383010.4375
19,3.71650219,9.408289909,4689.544922,12938.94238,6.21073246,8566.37207,282.5950928,389389.0938
20,3.805517673,9.305195808,4927.95166,12595.14844,6.100717068,8280.525391,278.4955444,377817.3438
21,3.902834177,9.30621624,5021.240723,12609.03613,6.127269268,8346.875,279.7848206,378244.6875
22,3.839882612,9.324213982,4889.828613,12707.05566,5.209143639,7122.375,278.6326599,379475.5938
23,3.617577314,9.393232346,4652.458496,13010.51563,5.266409874,7296.969727,280.1804199,385188.5
24,3.73060894,9.398468018,4784.472168,12800.57129,5.245451927,7190.476563,281.5704956,382435.0313
25,3.731747627,9.558119774,4773.552246,13173.7002,6.312972546,8724.56543,288.2021484,397571.4375
26,3.541770935,9.228382111,4359.634766,12495.3623,5.164332867,7000.319824,275.73349,372814.6875
27,3.528475523,9.573856354,4433.363281,13278.89844,5.300782681,7328.924316,285.5349426,394353.8438
28,3.611274958,9.441376686,4595.811523,12895.40137,6.212619305,8486.912109,283.1421509,385550.5938
29,3.643063545,9.192764282,4548.980957,12371.32031,5.128365993,6901.658691,275.8113098,371301.8125
30,3.578645229,9.368603706,4543.684082,12637.29199,6.193197727,8396.821289,281.1436157,379978.8438
31,3.428408384,9.329712868,4308.120117,12557.83691,3.969742298,5306.004395,280.6309814,377749.3125
32,3.587258816,9.129549026,4531.852051,12244.16016,3.948983908,5293.913574,274.8441467,368747
33,3.332322598,9.282474518,4130.822754,12300.33887,5.133488178,6818.374023,277.4815369,368753.5
34,3.540303707,9.694824219,4492.241699,13456.16895,6.363432407,8856.205078,288.0186157,397510.5
35,3.270244837,9.12756443,4048.282227,12083.33203,6.053041458,8075.577148,274.2054749,363350.7188
36,3.535014391,9.525186539,4526.807617,13119.12109,5.3934412,7481.634766,282.0765076,383989.0625
37,3.299784899,9.232381821,4042.161133,12372.24316,6.080694199,8182.354004,277.1829529,372413.3125
38,3.494129419,9.286182404,4469.443848,12572.78027,6.106800556,8258.408203,280.6390991,380043.3125
39,3.477651358,9.214435577,4372.225586,12223.1748,6.095576286,8145.178223,277.6407471,369026.3438
40,3.349070311,9.188792229,4193.097656,12288.22363,6.084028721,8176.429199,275.1459045,367256.4688
41,3.287032604,9.522828102,4079.939941,12984.20117,5.347528458,7361.273438,287.1274414,392190
42,3.203229189,9.199825287,3925.031982,12231.30859,6.104204178,8213.063477,278.34552,374238.5
43,3.000262737,9.303622246,3693.827148,12551.55664,6.137248516,8312.546875,279.1968384,378080
44,3.289325237,9.523360252,4161.929199,13057.4375,4.046834469,5558.187988,286.5011902,393838.5
45,3.265904665,9.049757957,4039.544678,11913.43066,6.004275799,7973.056152,273.0621643,360378.9375
46,3.251340628,9.206706047,4027.178711,12263.36621,6.150867462,8311.212891,276.1966553,367878.9375
47,3.243036985,9.240070343,3997.231201,12271.07715,5.168850899,6928.981934,277.2276001,369251.2813
48,3.151433468,9.424684525,3859.424805,12836.41797,6.299535275,8669.126953,284.1279602,387744.75
49,3.312433004,9.15131855,4021.859619,12157.9502,5.016804695,6696.954102,273.069519,363385.5625
50,3.23077631,9.148932457,3929.043701,12126.08008,6.097177982,8294.310547,276.6236572,369837.5
51,3.249907017,9.19712925,3988.149414,12372.96387,6.084277153,8191.096191,276.0350647,371607.5938
52,3.420536995,9.29798317,4236.00293,12314.54883,5.192133427,6967.102539,279.9646912,371680.125
53,2.86575675,9.234257698,3336.657715,12285.04395,5.210165501,7024.562012,279.2054443,375546.8125
54,3.083187819,9.384168625,3827.609131,12608.69629,5.237430573,7101.063477,284.6201782,382721.75
55,3.045653582,9.191708565,3729.755371,12311.64258,6.046282291,8158.74707,273.1510315,364156.4063
56,2.697975159,9.24119091,3157.315674,12321.94336,5.173577785,6955.144531,276.7466125,369003.7188
57,3.040721178,9.238458633,3730.371338,12390.54004,5.150977612,7009.240723,286.3402405,393531.1563
58,3.108341694,9.240309715,3800.607178,12337.95801,6.153887749,8347.032227,276.472168,368307.5625
59,3.149645567,9.419237137,3908.565186,12889.38574,6.247570038,8609.194336,280.9685059,381729.0938
60,3.033531904,9.503403664,3707.439941,12748.22949,6.196957111,8391.533203,287.6856995,392857.4375
61,3.123090982,9.255821228,3845.458008,12426.20215,3.928359509,5294.746094,279.5617065,376432.1875
62,2.908330441,9.250986099,3560.685303,12230.44336,6.112527847,8220.177734,279.4928589,371727.5313
63,3.01001811,9.476607323,3685.093506,13062.75684,6.125016689,8312.813477,286.6768799,394335.7188
64,3.152804136,9.309188843,3898.861328,12551.95117,6.159604073,8390.383789,282.144104,385171.2188
65,3.4333601,9.264931679,4233.290039,12503.76855,6.097660542,8297.49707,277.4856567,373093.5313
66,3.235821009,9.221874237,3938.909424,12107.32227,5.025188446,6585.047363,277.9957886,366889.1875
67,2.969472408,9.133491516,3537.763672,12142.65918,6.011884212,8010.474609,278.6719666,375469.75
68,3.043606758,9.560650826,3654.429688,13097.61914,6.410117149,8950.073242,289.2457886,397436.5938
69,2.60110569,9.384959221,3045.401123,12628.13867,6.144836903,8296.369141,281.4118958,378222.5
70,2.927616358,9.455001831,3483.773682,12906.53711,5.245052338,7210.043457,285.287384,389688.6563
71,2.703325748,9.558405876,3216.494141,12700.60254,5.301898956,7187.044434,290.5037231,389319.625
72,2.64096427,9.489498138,3200.551758,12917.15527,5.378233433,7477.966309,287.9234314,394784.5313
73,2.658497334,10.04915714,3205.803711,14157.70508,5.601569653,7990.549316,301.6325073,425879.3438
74,2.994287968,9.283022881,3582.40332,12320.91016,6.125045776,8245.083984,281.3249207,376857.2813
75,2.92164278,9.39922905,3485.609375,12527.89453,5.228555679,7126.294434,282.9173584,380258.3438
76,3.285859585,9.463713646,4086.221191,12714.03613,6.174659252,8332.322266,282.3536682,377373.6563
77,3.143917799,10.0415678,3972.858643,14088.18066,6.535862923,9308.941406,302.2184143,425448.8438
78,2.970017195,9.760225296,3600.531982,13519.60645,5.389622688,7531.612305,293.2387695,407702.9688
79,2.989312172,9.743708611,3685.919189,13481.03027,6.336277485,8774.52832,289.8419189,402221.4063
80,2.778864622,9.364501953,3318.993652,12443.47559,6.025342941,8037.873047,281.1601257,372392.7813
81,2.726844549,9.296596527,3258.297363,12256.21387,3.880696058,5106.387695,279.7132874,367705.7188
82,2.830607653,9.422070503,3422.591064,12671.55078,5.1686306,6929.821289,281.5828857,377230.0313
83,2.800930738,9.710083961,3370.225098,13369.39258,6.359323025,8863.27832,292.9675598,405688.75
84,2.625996113,9.782468796,3057.952881,13478.25,5.365142345,7437.578125,298.7474365,415592.4688
85,2.501729488,9.56652832,2958.326172,13003.54688,6.183257103,8395.661133,292.555481,403452.6563
86,2.516354322,9.837403297,2906.286133,13519.36719,6.310018063,8739.672852,295.2089233,405726.375
87,2.86775136,9.661514282,3426.14209,13363.22656,5.390452385,7548.92041,289.913269,401089.0938
88,3.019085407,9.608515739,3625.31958,13229.43555,5.30906105,7362.483398,290.3004761,400293.0938
89,2.559108019,9.088238716,2918.699707,11939.6416,5.943153858,7824.455566,273.7900085,360427.7813
90,2.618340492,9.881309509,3080.149414,13643.26367,6.398006916,8953.399414,299.4666748,416763.2188
91,2.677624702,9.660861015,3127.930664,13334.99902,6.346915722,8869.697266,298.4289246,421198.5625
92,2.400083303,9.522654533,2716.336182,12909.31348,6.274778843,8662.494141,292.1947937,403884.75
93,2.76235199,9.495676994,3281.266113,12810.36133,5.232611656,7112.1875,289.839447,395826.5
94,2.400325537,10.08469677,2749.898193,14075.60156,6.284098148,8651.96875,295.9689941,408557.4063
95,2.701292515,9.589320183,3185.72168,12782.62695,5.133743286,6852.989258,288.591156,385948.2188
96,2.915738583,10.01779842,3564.928955,13743.26953,6.332638264,8730.0625,301.0545654,415035.75
97,2.708975792,9.762744904,3255.192383,13290.78906,6.109011173,8239.810547,286.1589355,384277.3125
98,2.528390646,9.662787437,2915.19873,13089.68848,6.184012413,8362.552734,288.7354126,389671.3125
99,2.775960207,9.502700806,3269.080322,12624.13281,5.279094696,7148.176758,287.4294128,385218.3438
100,2.648608923,9.532269478,3046.356689,12886.48926,6.199609756,8432.233398,284.9477234,383917.9063
101,2.625422001,9.728094101,3053.90332,12973.38184,6.182079792,8318.630859,297.8875122,407222.8438
102,2.824964523,9.946482658,3360.247803,13566.59277,6.399073124,8904.833984,303.0474243,418826.25
103,2.842459202,9.748519897,3406.029297,13211.23633,6.169157028,8411.632813,290.1116638,395334.5938
104,2.518434286,9.596595764,2959.348389,12871.43457,5.281064987,7153.853027,288.6512146,389655.8125
105,2.586696386,9.844369888,2975.530273,13448.78125,5.364128113,7402.047363,293.3635559,401335.7813
106,2.743014097,10.01971436,3232.456543,13766.29395,6.374268055,8859.945313,303.9529419,423148.5
107,2.776276112,10.0219326,3299.653809,13751.21289,5.328787327,7307.807129,292.2702332,398633.1563
108,2.413976192,9.980337143,2814.033203,13921.95313,6.371845245,8900.728516,294.0126343,406514.25
109,2.663517475,9.987732887,3154.796875,13932.37793,6.49166441,9189.868164,305.6553955,429737.1875
110,2.521255493,9.678107262,2882.996826,12985.18945,6.085550308,8173.54834,295.0184326,405190.0938
111,2.477190256,10.66345978,2968.354004,15418.86133,6.824468613,10034.90527,313.0947571,445755.6875
112,2.376888752,10.03111362,2672.651855,13854.45117,6.510105133,9180.686523,296.0091858,407167.3125
113,2.330078125,9.927539825,2674.19043,13883.21289,6.312911034,8847.702148,306.893158,438018.5625
114,2.691487789,10.26238346,3249.878662,14395.47168,6.654788971,9607.712891,304.9547424,432091.0313
115,2.266857386,9.455180168,2543.405762,12494.42285,5.196070671,6979.904785,288.6629944,387740.3125
116,2.929932356,10.28096867,3602.572266,14430.19922,6.60840416,9415.301758,311.7779541,444282.25
117,2.53739357,10.07644558,3014.230713,13833.30762,6.246216297,8574.522461,301.2120972,415186.125
118,1.986879706,10.02352142,2236.967041,13778.44824,6.172737598,8345.388672,297.0866394,407082.5938
119,2.590667248,10.50144196,3145.87793,14983.76855,6.621520042,9464.02832,313.9397583,446885.6563
120,2.659860134,9.973129272,3139.686523,13647.72852,6.314539433,8673.480469,300.8898926,415121.2813
121,2.512876511,9.850444794,3073.946045,13278.97559,5.247925282,7089.494629,296.8608398,401901.0938
122,2.801121473,10.22412777,3399.145264,14264.61328,3.927439928,5313.963379,306.2642212,426620.625
123,2.592221022,10.45884609,3009.28833,14748.24902,6.695099354,9676.704102,309.7000122,435269.375
124,2.36339283,9.850291252,2627.111572,13185.85742,6.176883221,8283.195313,294.5150146,394729.8438
125,2.493008852,9.564596176,2797.513184,12722.44922,6.133658886,8278.186523,286.6407776,379939.875
126,2.592457056,9.845560074,3038.922119,13344.83496,6.170250416,8350.571289,296.622345,404396.8438
127,1.959923625,9.74313736,2272.96167,13115.31836,6.105714321,8167.511719,290.918335,390679.4063
128,2.721865416,10.43419075,3285.45752,14960.35742,6.664491177,9646.021484,311.7520447,442341.5
129,2.338427305,10.07400513,2692.804199,13931.77539,6.250021935,8525.452148,295.9237366,399900.7188
130,1.968069553,9.592681885,2133.036621,12831.04785,5.168703079,6938.951172,286.8786926,387058
131,2.338523865,10.00917816,2768.871338,13608.21875,6.295032024,8620.462891,303.1606445,415732.125
132,2.464766026,9.776252747,2941.665039,13232.62402,6.12462759,8345.051758,285.8712769,382955.1875
133,2.210913658,9.799361229,2491.452881,13302.40723,6.092356205,8188.877441,288.3869629,385118.7188
134,2.242711782,9.588505745,2424.132813,12766.06445,5.150717735,6843.599609,284.7958374,376606.4688
135,2.060178995,9.528222084,2287.238037,12639.75391,6.008489132,7965.855957,285.5432434,379023.625
136,2.376746655,9.679103851,2658.810791,12934.09668,6.135710239,8243.845703,289.7688904,386626
137,2.332487583,9.715601921,2574.146729,12844.97852,5.157836914,6829.140625,290.8244629,385941.7813
138,2.271011829,9.568875313,2619.61499,12674.08691,6.076063633,8086.414551,288.157196,381891.9063
139,2.559275866,10.58521461,3098.643311,14910.50488,6.573619843,9233.96582,318.3335266,449489.2813
140,2.283495188,9.746039391,2549.303955,12956.93164,6.046785355,7923.063965,293.7041626,389810.3438
141,2.582365274,9.628681183,2875.74585,12702.875,5.176622391,6873.983398,289.6610413,382329.0938
142,2.052767277,9.965919495,2212.677246,12776.83496,6.132526875,7906.187012,299.1701355,386126.625
143,2.336723089,9.948699951,2695.568359,13136.50684,5.112318516,6692.455566,299.0834351,398709.3438
144,2.220527649,9.688211441,2379.046387,12772.25684,5.975904942,7824.580078,289.4737244,380749.875
145,2.508029461,9.981933594,2793.354004,13537.17969,6.281238556,8578.691406,301.8918762,411966.0625
146,2.245688677,10.14063072,2585.885254,13861.44531,5.414421558,7506.357422,298.106781,404069.2188
147,2.298077345,10.02722645,2631.684082,13640.39648,6.502538681,9088.549805,310.8791809,431268.5
148,2.033492804,9.983081818,2195.114258,13365.24219,5.336797237,7295.289551,297.7215881,397061.8438
149,2.560189009,10.12537098,2958.403076,13994.68359,6.540704727,9319.393555,306.7581482,429394.3125
150,2.594115257,9.658316612,2981.987061,12735.72656,5.145874977,6813.779785,289.7871399,383521.625
151,2.535775185,10.03300953,2855.664307,13409.26758,6.208112717,8290.507813,299.5977783,401951.9688
152,1.982753873,9.861698151,2079.604004,13390.19336,6.255027294,8521.644531,295.7516479,401086.5
153,2.26644659,9.966048241,2602.986572,13628.43066,5.372297764,7376.819336,292.9813843,399032.875
154,2.246880293,10.10720539,2570.068848,13834.02637,5.576331139,7857.763672,301.5793152,409639.1875
155,2.256355762,10.3823719,2521.476563,14538.65527,6.418033123,8858.517578,309.9235535,426870.9375
156,2.202627659,10.11615944,2446.249512,14073.3291,6.299066544,8668.246094,299.7261353,414111.6563
157,1.891651034,10.70014,2141.501709,15450.95508,5.70684433,8219.711914,317.9437256,457183.0625
158,2.178445101,10.45020008,2411.085449,14708.73145,4.142359734,5766.307129,314.0773315,443845.25
159,2.54745698,10.09336948,2921.793213,13935.92773,6.361683369,8925.458984,298.09729,410197.8438
160,2.390912056,9.880404472,2771.057373,13431.06152,5.199421883,7006.702637,298.7512817,411306.7188
161,1.998573065,9.946287155,2256.485352,13395.38867,6.213179588,8446.022461,295.6937256,398381.0625
162,2.415460587,10.44547081,2762.195557,14587.62207,5.3107934,7245.460449,309.9841919,427999.6875
163,1.869302988,9.420847893,2001.02002,12245.29785,5.021742821,6532.431152,281.3189087,364921.6875
164,2.222681046,10.59509563,2542.419678,14707.64453,4.038658142,5477.510254,318.240448,440931.1563
165,2.35235095,10.39581013,2636.583008,14407.41016,6.351572037,8771.591797,312.2947083,435269.8438
166,2.317133665,10.34128094,2715.380127,14325.66504,6.440371513,8956.614258,307.5947876,425323.9063
167,2.258890152,10.48520374,2593.109131,14357.1582,5.357242584,7293.108887,314.9595337,433296.5625
168,2.018745661,10.46504498,2214.37793,14520.86914,6.213130951,8411.719727,302.6348572,415739.2188
169,2.529622316,10.2448225,2890.274902,14203.62305,6.330935001,8670.09668,299.8322449,409460.8125
170,2.212825537,9.787334442,2406.313477,12873.15137,6.123756886,8116.150879,294.2342529,388501.9375
171,2.061919689,10.05780411,2334.752441,13698.69727,5.260059357,7142.70459,301.5320435,414287.5313
172,2.095273256,11.2236824,2416.414063,16359.19141,6.75824976,9697.670898,324.2167969,463848.5313
173,2.044745207,10.0797596,2217.599365,13702.00684,5.226743698,7052.697754,295.8622742,397754.4063
174,2.65589571,10.9665966,3292.047363,16374.60059,7.062519073,10647.26172,326.2238464,479700.3125
175,2.557282209,10.19075871,2997.518555,14001.73047,6.479476929,9102.777344,300.0001831,407923.5313
176,1.927909851,10.20782089,2029.213501,14010.99219,6.592428684,9313.142578,322.3243713,456275.4375
177,1.705503941,9.910155296,1784.385864,13280.06152,6.172823906,8286.765625,300.1764832,404976.7813
178,2.345971584,10.95276165,2776.192627,15757.35059,6.649269581,9519.871094,315.6188354,445258.1563
179,2.356643677,9.859255791,2681.488037,12858.48145,5.079275131,6693.945313,297.6397095,390671.1563
180,2.143590689,10.17480183,2384.04126,13644.43066,5.345727921,7330.355957,309.5126038,421793.75
181,2.288439035,9.70221138,2557.286377,12922.12402,6.188405991,8410.712891,293.0626526,395634.125
182,2.355423927,10.56325054,2653.05957,14947.34473,5.651201725,8123.213867,320.134613,451848.5313
183,2.404104233,10.07987118,2758.270996,13601.2666,6.375161171,8831.648438,302.410553,410374.75
184,2.094305515,10.16222858,2321.232666,13870.66113,6.155842781,8291.138672,300.0671692,406374.4688
185,2.013260365,10.09098053,2198.660645,13651.98145,6.379776478,8736.905273,305.3746948,417247.25
186,2.20684433,10.0566597,2510.391357,13560.41504,6.236703396,8364.558594,305.4603577,417725.4375
187,2.006701469,9.998508453,2160.367188,13516.88574,6.238788128,8461.407227,298.046936,405390.7813
188,2.215258837,10.89408302,2483.607422,15951.6084,6.892385483,10212.54492,324.4412537,475365.4375
189,2.150874138,10.53471184,2430.348633,14788.88867,6.403058529,8821.463867,300.2878418,408314.75
190,1.84115088,9.968922615,1934.760132,13271.90137,6.313431263,8527.131836,301.1286316,403216.8438
191,2.256980658,9.69961071,2472.952637,12712.7373,6.122398376,8101.158203,292.5269165,386232.3125
192,2.383618593,10.18162918,2661.591309,13785.00391,6.301103115,8518.003906,305.3765564,415802
193,2.308880329,10.14629745,2571.034668,13812.40625,5.182565212,6898.780762,301.754303,410096.25
194,2.07028842,10.19643307,2268.23291,14118.67871,3.918345213,5225.32373,310.0144653,433234.3438
195,2.11053586,9.817724228,2337.836426,13276.84375,6.323908806,8717.266602,296.8722534,402798.5313
196,1.997282505,10.28961182,2195.797607,14272.45605,6.3645854,8679.350586,306.1830139,420374.4688
197,2.320911169,9.681584358,2540.327637,12695.18848,5.067520142,6593.082031,291.1552429,382823.9063
198,2.057529211,10.23278999,2218.652832,13974.09375,5.212976456,7017.515137,298.5148926,405225.5625
199,1.861717939,9.773210526,1952.327026,12992.67969,6.041491508,7959.760742,292.1763306,389354.1563
200,1.994486094,10.25531769,2270.707764,14141.46387,6.425177097,8841.09668,309.26297,428330.7813
201,2.213926792,10.45144176,2515.48584,14387.51953,6.637486458,9363.368164,317.1316223,441044.9375
202,2.161144018,10.28236675,2401.77832,13904.02637,6.497276783,8996.428711,321.161438,449487.5313
203,2.051083326,10.10522938,2217.052979,13285.31738,6.21534586,8236.911133,310.051178,415247.125
204,2.440216303,10.4580183,2908.491455,14531.27246,6.624697208,9356.624023,316.7871399,442160.2813
205,2.324464321,10.48803997,2585.088867,14716.81055,6.57536602,9251.34668,315.6215515,436789.6563
206,1.612241387,9.822573662,1645.218018,12686.2373,6.018992424,7729.366211,298.6607361,388271.7188
207,2.039698601,9.970479012,2305.66748,13130.63965,3.689026833,4660.528809,296.8529358,388364.6563
208,2.376435757,10.00533772,2763.48877,13359.98145,6.152079105,8085.76416,298.7113037,394567.4688
209,2.207077503,10.68041325,2594.224121,14926.45215,6.780082226,9678.350586,328.3364258,464342.1563
210,2.317420006,9.944746971,2649.299561,13500.85059,6.356790543,8707.513672,297.0188293,393611.7188
211,2.092631578,10.24796295,2261.45752,14045.5127,6.420655727,8806.566406,295.2514343,394199.5
212,2.016423225,9.865460396,2243.343262,13107.2373,5.187720299,6875.145508,293.8612366,389427.8125
213,2.219099522,10.68874359,2454.334473,14870.7959,6.477942467,9000.067383,323.7822876,453389
214,1.802263141,9.917117119,1901.736694,13339.04883,6.135117054,8188.52002,297.905304,399012.5
215,2.17948246,9.751540184,2345.074707,12883.58789,5.056272984,6606.148926,290.7901001,380378.7188
216,1.939741611,9.700586319,2139.758545,12544.15723,5.975799561,7652.505859,288.7034302,371053.8438
217,2.283444881,10.49812508,2695.844482,14451.58887,6.235040188,8345.407227,303.2454834,401615.375
218,2.35911417,10.93839073,2684.689453,15476.88672,6.426420212,8776.681641,302.0312195,402352.125
219,2.007037878,10.69335651,2347.106445,14970.48242,6.48150301,8933.916992,307.3375549,413994.9375
220,2.009856462,10.62063408,2116.887451,15083.52246,6.511689663,9085.414063,309.2654419,426418.9688
221,2.332174063,10.04571629,2596.051514,13725.11914,5.457742214,7580.089355,301.947998,416280.6563
222,1.861715555,10.36902237,1980.77124,14111.25293,6.285218239,8480.344727,307.4849243,415420.4688
223,1.71988821,9.949065208,1720.970947,13306.61621,5.169497013,6881.304199,300.7471313,401649.5625
224,1.942129612,10.6512928,2087.734619,14689.05957,6.505323887,9040.729492,313.6564636,430325.9063
225,2.049886465,10.06269646,2350.120361,13479.35645,5.162109375,6858.28418,297.6543884,392448.6563
226,2.086444378,9.940636635,2271.45166,13241.79688,5.131563187,6815.947754,297.7767029,396854.5625
227,2.153585911,10.29028893,2417.37085,14020.07617,6.151032925,8161.615723,300.8416138,401920.7813
228,1.908494711,10.32588482,1971.838501,14074.19824,6.28173542,8442.650391,308.9353943,419955.0938
229,2.160623312,10.25058174,2411.595947,14045.6582,6.362513542,8733.758789,304.2722473,413799.1563
230,1.585650563,10.15241718,1621.131836,13671.13477,6.398252487,8750.414063,304.0380554,408159.375
231,2.355058908,9.894788742,2672.592041,13354.29102,6.254858494,8543.707031,305.3274231,416906.625
232,1.899505615,10.47781944,2037.713989,14625.46387,6.472932816,9066.094727,306.6345825,422241.7188
233,1.569830418,9.75254631,1488.10022,12751.35742,6.079351425,7968.82373,293.789917,386168.3438
234,1.874969244,9.899474144,1927.082764,13110.38965,3.699548006,4704.23584,296.4262695,389699.8125
235,2.349211931,10.11056232,2664.067871,13681.77832,5.20849371,7017.224609,309.9230042,427099.5
236,2.347167253,10.38196182,2622.156494,13905.90527,6.291141987,8486.385742,306.5204468,409792.4063
237,1.80002141,10.3326416,1891.920898,14121.19043,6.242137909,8417.546875,298.2348022,399707.3438
238,1.897815347,9.86456871,2081.307861,13042.3584,6.362318516,8682.417969,302.0314941,405327.2188
239,1.862346172,10.41441536,2088.64917,14158.48145,6.208293915,8322.859375,314.6811523,429211.9688
240,2.004369497,9.942123413,2075.177734,13080.66113,6.084797859,7930.255371,299.2567139,397649.3125
241,2.091381073,9.739689827,2196.324951,12649.63965,6.013957024,7743.591797,294.5386047,384757
242,1.942697406,10.06673527,2139.576904,13201.01172,4.996295929,6439.358398,297.8191223,395767.9688
243,2.512279987,10.04449654,2886.890869,13227.92773,6.198843956,8196.244141,294.4519043,383362.2813
244,2.362733841,11.07684803,2700.104004,15920.64648,6.91524744,10119.55371,335.8509521,492164.5625
245,1.845728159,9.646296501,1943.658081,12695.74023,3.751460791,4799.61084,296.4945984,392375.5625
246,2.009002209,10.1012001,2275.424316,13665.07422,6.34098053,8676.577148,308.9324951,422183.2188
247,2.402450323,10.91547775,2732.404541,15265.78125,4.281705856,6069.037598,333.8694458,476779.2188
248,2.0556705,9.913378716,2147.111816,13017.4873,6.505960464,8956.295898,299.6706543,398781.5625
249,1.801914215,9.851042747,1887.612061,12772.72363,6.162850857,8142.515137,299.7175293,394987.1563
250,2.061393976,11.21134567,2354.200439,15979.26074,5.641237259,7996.302734,340.4305725,492253.6875
251,2.404031515,10.83962917,2696.590576,15131.60938,5.675469398,8153.679688,319.1408386,438697.7188
252,1.926180124,10.67713642,2100.57666,14585.68262,4.014212608,5407.802734,305.259552,405424.5313
253,2.068564415,10.31285,2207.496582,13795.68945,4.981734753,6440.254883,309.2606506,412268.2188
254,2.075633764,10.00031853,2262.533936,13030.45313,4.9837327,6395.126465,299.9393311,392385.3438
255,2.029865742,11.16875267,2308.20459,15801.9834,6.730706692,9456.823242,319.1488953,438181.5
256,2.080674648,10.90945721,2388.061523,15244.47949,6.72456789,9453.987305,321.6134338,442297.2188
257,2.030789614,11.31501961,2284.884277,16200.47949,6.886106491,9929.080078,326.0584106,454057.0938
258,1.843093872,10.25851154,1921.831665,13672.79688,3.870699644,5071.324219,309.4075928,413721.5625
259,1.667451978,10.24388027,1728.286377,13622.23828,5.2270751,6966.962891,306.1580811,410772.0938
260,1.840201616,9.899916649,1890.992554,12912.03906,5.022063255,6485.948242,303.0984802,401149.4375
261,1.945919752,9.942122459,2085.754395,13098.65234,5.1408391,6751.591309,308.8695984,411110.7813
262,1.602138162,9.963050842,1603.837646,12905.46387,6.11663866,7990.991699,301.9173584,398810.75
263,1.726132393,10.5901823,1869.172363,14488.69824,5.270198345,7106.938965,321.0562439,439410
264,1.882576823,10.68368053,2027.906128,14705.50098,6.5455966,9002.306641,319.6625671,439649.9063
265,1.689451337,10.2455349,1723.011719,13732.54395,6.331532955,8447.640625,312.1659851,421205.125
266,1.812576652,10.85664749,2029.264526,15211.57324,5.427151203,7592.766113,343.3471375,501974.625
267,1.76936996,10.88478279,1989.921509,15559.71289,6.92269659,10113.86035,327.7314758,478158.625
268,2.285888195,10.42650509,2564.541016,14197.30469,6.314237118,8547.075195,315.4698486,431442.6563
269,1.877917051,9.913209915,1993.452637,12993.01563,6.0108428,7758.568359,299.1333313,396021.5
270,1.987561941,11.16709518,2194.380371,15880.4668,6.614768028,9316.709961,325.3378906,454526
271,2.132573128,10.96756649,2363.474365,15298.43066,6.130094051,8244.46875,314.7592163,424276.4063
272,1.358324289,9.785784721,1275.572998,12591.46191,4.879361629,6160.82666,294.7476807,380434.0313
273,1.680070162,9.926496506,1725.119019,12989.5127,6.024199486,7766.028809,298.6146545,390870.0313
274,1.963921905,9.768452644,2000.164307,12432.56055,5.692024708,7005.893066,293.9032288,378389.2813
275,1.943746924,9.779582977,2022.153198,12727.43652,5.90502882,7490.924805,298.056427,390065.9688
276,1.975888133,9.971621513,2156.500488,13135.71582,4.94690752,6309.028809,300.6157837,397139.9063
277,1.764660716,10.14589024,1779.721191,13547.08594,6.149707794,8085.041016,305.8322754,410972.1875
278,1.564021707,10.0356884,1609.338867,13333.56543,6.131132603,8111.515625,305.8627319,410651.6563
279,1.914318919,10.2225275,2174.238525,13729.29395,6.227054596,8299.954102,306.2579956,414442.2813
280,1.907950044,10.76831722,2117.293457,15025.33105,6.419634342,8805.525391,319.8389282,442465.8438
281,2.45755744,10.54673004,2797.994873,14761.55273,6.593261242,9311.087891,316.7065125,444034.9688
282,1.686619997,9.948996544,1660.542725,13127.30469,6.080802917,7935.380859,294.9191895,388172.1875
283,1.795488477,9.751267433,1780.026978,12678.74609,4.855137825,6119.439941,293.11203,381653.0625
284,1.558839321,10.07632542,1529.479736,13551.93945,6.117926121,8084.897461,300.8439026,404597.9375
285,1.575017333,10.00987339,1544.456299,13387.75293,6.158750534,8243.853516,298.8156128,401361.5
286,2.414763927,10.65076828,2805.096191,14745.46387,6.38032341,8708.708984,316.7950134,436341.1563
287,2.212766171,9.875986099,2439.076172,12870.42188,5.256891251,7044.95752,295.7234497,384626.9375
288,1.83562088,9.831830025,1938.943115,12621.6709,5.053050995,6590.261719,300.6825562,391515.7188
289,1.801321626,10.13083839,1971.977051,13280.94922,6.375117779,8619.835938,305.5513,406355.75
290,1.907853127,10.39356899,2133.095459,13988.01855,5.320314884,7220.615234,324.9058533,449258.7188
291,2.288961649,10.05261803,2462.945557,13217.31445,6.041122437,7838.641602,299.5834351,391555.3125
292,1.600823283,10.29248905,1620.290771,13781.40234,6.377451897,8673.698242,308.5435181,411397.625
293,1.879531622,11.19255829,2155.64209,15968.47461,6.749965191,9571.607422,330.2530518,464990.3125
294,1.829041719,10.53777504,1864.079224,14298.90137,5.230115414,7009.038574,322.5030823,447037.625
295,2.115080833,10.02799034,2295.549805,13156.87695,6.032953262,7790.978516,300.4325867,395759.8125
296,2.14839673,10.83091068,2413.375488,15287.54297,6.800468922,9762.540039,331.5791626,488215.5
297,1.812380791,10.60514641,1849.35498,14584.41309,6.517061234,9003.820313,323.9279785,462106.3125
298,1.957971096,10.14311695,2096.744141,13460.61914,6.123230934,7985.239746,304.6730347,403953.8125
299,1.893930793,10.35155487,2057.989502,13977.80762,6.384550095,8667.220703,322.2496338,443852.5313
300,1.572581172,10.04744244,1571.745117,13222.07617,5.129483223,6757.427734,303.2124023,402597.9688
301,1.237980962,10.17949486,1115.900024,13617.08789,5.262897491,7060.441406,303.0113525,404585.875
302,1.992530346,10.18303776,2115.858887,13648.47754,6.230077744,8306.470703,304.7224121,403458.4063
303,1.929332376,10.03596115,2101.516113,13254.90234,4.975855827,6408.860352,302.2973022,398594.25
304,1.863176465,11.00575924,2114.296387,15587.22363,6.643145084,9408.438477,332.159668,468954.4688
305,1.60077107,10.3354187,1672.65332,13997.3916,6.270010948,8405.103516,312.5079346,420074.7188
306,2.394720316,10.41914654,2741.053223,14080.52734,6.358106613,8676.561523,309.7525635,420290.875
307,2.097622871,9.989219666,2212.050537,13173.65723,5.048748016,6564.984375,303.5800171,405305.4063
308,1.915557384,9.88770771,2038.258911,12967.93262,5.071424007,6630.183105,295.9093323,388285.4688
309,1.873119712,10.07858086,1969.468994,13335.52734,5.111810207,6673.169922,303.268219,401234
310,1.667385817,9.740386009,1675.143799,12415.39746,5.782037258,7287.203125,295.7357178,383936.3125
311,1.552199364,9.934230804,1579.264038,13015.02441,3.349794626,4135.631348,298.8861389,394972.0313
312,1.963404298,10.31586647,2187.273682,13876.49609,6.006248951,7979.647461,312.865509,423693.2813
313,1.567055941,10.16593361,1528.956665,13708.97461,4.804693222,6155.268555,308.1336975,416910.4688
314,1.767009974,9.983086586,1875.832275,13506.99219,5.989706516,7901.846191,300.5979919,400274.5938
315,1.81766963,9.835103035,1844.140259,12902.0625,1.917806387,2151.151855,295.7991333,388964.7188
316,1.804405689,10.64478493,1952.32605,14807.33203,6.433664799,9022.037109,312.6569519,429604.0938
317,1.614305377,10.21652031,1664.117554,13772.63867,3.776217461,4982.458496,309.3108215,419433.3438
318,1.905485868,9.877485275,2125.262451,13102.58887,6.145691395,8188.446289,297.497406,394203.125
319,1.53742826,10.02421951,1641.389282,13534.52734,3.648547173,4803.356934,308.5049133,422368
320,1.900973797,10.00587845,2165.032959,13399.52051,5.295768738,7230.27832,317.8257446,439929
321,1.56308496,10.06978512,1675.744995,13420.00586,4.816504478,6247.214355,307.2528687,417012.5313
322,2.016189575,10.55008698,2295.132568,14485.34668,6.234161377,8539.364258,329.792511,461849.5625
323,2.069565296,10.3724165,2290.437012,13982.89355,5.087922096,6638.599121,310.9087524,415721.75
324,1.955161095,10.42908382,2062.884277,14706.41016,5.404393673,7547.992188,315.5885315,439105.3125
325,1.545136809,10.26302433,1527.518433,14330.82617,4.054037571,5490.532227,309.5397034,434175
326,1.731035948,10.22438431,1761.923462,13764.68555,6.176181316,8302.15332,306.6009216,412180.7188
327,1.422827363,9.788929939,1373.87207,12786.57129,4.859421253,6159.714844,291.217804,379269.4375
328,1.697839499,9.807710648,1694.200684,12869.92285,5.864435196,7489.351074,292.3726196,379823.9688
329,1.841144562,10.17192268,1835.831177,13527.53418,5.993915081,7914.939941,301.8506165,400281.7813
330,1.658203483,9.688372612,1611.51062,12328.3916,5.610364437,6939.709473,291.0963135,371620.375
331,1.754121542,9.807621002,1732.876709,12632.70215,5.719075203,7201.616211,292.472168,373221.0313
332,1.663140416,9.964684486,1642.774292,13195.77344,4.838689804,6135.756348,298.6867981,393092.8125
333,1.648667216,10.20794296,1768.176147,13789.39648,6.325752258,8605.780273,315.0153809,429942.9688
334,1.907544494,10.86337852,2169.393066,15186.88477,6.608995438,9291.091797,330.5995178,469948.625
335,2.042464018,10.89103413,2246.461914,15329.08496,6.616590977,9465.573242,317.2825623,438053.1875
336,1.758992791,10.45504665,1799.197144,14446.28613,6.157566071,8291.969727,330.0098572,465556.7188
337,1.512063146,10.82755852,1563.258179,15271.38965,6.263976574,8435.449219,314.7390137,431049.4375
338,2.128182888,10.40945053,2354.16748,14437.15527,5.230057716,7090.489746,311.5617065,428889.5938
339,1.739832997,11.00563908,1835.255249,15597.27539,6.439892292,8892.515625,322.0323181,447589.6875
340,1.804360271,9.872493744,1888.313965,12996.26172,4.781897068,6029.038574,295.6887817,388663.375
341,1.543040037,9.952912331,1576.32019,13239.2334,5.921347618,7713.298828,298.8282471,396846.9375
342,1.389108777,9.861642838,1322.740723,12977.65918,5.872709274,7561.022949,297.5688477,392451.9375
343,1.790792346,9.970115662,1824.578003,13365.69922,4.817177296,6056.737793,300.0519409,399716.0313
344,1.414229989,10.49923992,1442.876343,14422.66797,5.192658901,6953.618164,311.9401855,423854.8125
345,1.774104357,10.49473,1917.296997,14326.34082,6.05556345,8061.962402,314.8263245,433096.0313
346,1.65470922,10.44771099,1711.985474,14230.83105,5.117295265,6810.994141,311.3397522,424011.9063
347,1.546226859,10.58948803,1653.899902,14500.63086,5.356705189,7355.56543,307.9119263,416363.125
348,1.749922752,10.75709343,1816.519165,14917.78613,6.463251591,8946.140625,319.405365,440901.7188
349,1.945328474,10.27481174,2070.11792,13895.94141,5.008380413,6567.754883,310.3001099,424290.5313
350,1.399039388,10.06682396,1340.523926,13537.64453,6.001366138,7979.480469,301.1742249,403722.5625
351,1.489768744,10.14127445,1480.87146,13680.05566,5.835585117,7532.858398,304.0669556,410079.5
352,2.234720707,10.75405216,2599.392822,15227.62793,5.240324974,7186.229492,324.5171204,455468.9063
353,1.29907012,10.08375835,1161.708496,13540.65137,3.517899752,4386.836914,300.7983704,400524.5313
354,1.924567819,10.60160732,2189.49292,14644.34375,6.237276077,8420.959961,323.9778748,448989.8125
355,1.890328646,10.20063114,1961.547119,13698.05957,6.18974638,8318.273438,301.1975708,399150.625
356,1.853878021,10.35895061,2004.955444,14547.75684,6.375432491,8933.647461,307.1879883,427428.6875
357,1.438107729,10.33106041,1468.631226,14114.62598,6.287950516,8606.3125,317.5052795,442561.875
358,1.861203909,10.27927494,1991.440674,13901.08984,6.327811241,8716.088867,321.9289246,448870.2813
359,1.61379993,10.861516,1653.451538,15437.66113,5.361437321,7429.076172,316.9338684,437125.2188
360,1.593890071,10.14358425,1613.877197,13682.9668,6.108030796,8122.879395,302.1253052,407347.875
361,1.893463612,9.92620182,1968.418823,13375.02637,6.100614548,8088.044922,298.9547119,400665.7813
362,1.844846606,10.09885979,1838.450439,13694.23438,5.89702177,7713.376953,302.2388916,409388.125
363,2.118976355,10.60489464,2331.002441,14581.33984,5.137896538,6932.32666,331.1708984,468807.2188
364,1.696505547,10.02304649,1747.484375,13493.28906,5.708338737,7298.28125,309.1699219,421405.5
365,1.605059862,11.37381172,1810.040039,16718.69531,3.973638535,5632.176758,340.5836182,496735
366,2.046895266,10.16062164,2264.693359,13824.04492,5.813428402,7554.9375,305.3243408,412871.0938
367,2.204292059,10.19228745,2420.977295,13768.97949,3.517141104,4506.825684,301.1912231,404254.8438
368,1.866865635,10.16975403,1873.111694,13505.98047,5.948897362,7706.039063,302.110199,404473.9375
369,1.6055125,10.22144604,1645.408691,13593.42773,5.916177273,7792.060059,298.6636047,398474.0938
370,1.42705369,9.891835213,1360.109863,13036.74121,5.850960732,7556.895996,294.2167053,389626
371,1.601405859,9.857168198,1636.213623,13045.26465,5.818668365,7533.518555,297.0547485,392540.4688
372,1.790172219,10.86739159,2003.486572,15182.02539,6.347519398,8744.469727,323.1846619,456500.9688
373,1.905971289,10.17772579,2098.819824,13569.35059,6.069527149,7962.624023,307.0417786,414880.9688
374,1.454250574,11.32655334,1446.504639,16358.85352,6.338494778,8780.776367,337.1935425,483530.0313
375,1.275414348,10.15419865,1282.192993,13457.53516,4.798226357,6153.869141,306.9562988,414313.3125
376,1.438925505,10.78386116,1541.711914,14848.42578,6.121882439,8260.509766,335.4577942,477877.4688
377,1.685113072,10.79226494,1774.38562,15203.35449,5.153849602,7022.313965,323.4763794,452301.25
378,1.695738554,10.56493187,1836.968872,14707.06152,5.023506641,6750.958496,327.2131653,462104.7813
379,1.930061221,10.10473633,2038.403809,13643.96875,5.927751541,7838.038574,301.6843262,408704.4688
380,1.482479334,9.949803352,1460.632446,13335.36133,4.889604568,6437.931641,302.6931458,412500.3125
381,1.27642715,9.84778595,1230.66272,12893.12598,5.706540108,7186.110352,295.3850708,386964.625
382,1.493197918,10.25914001,1458.742554,13846.4375,5.962590694,7816.09082,302.0805054,405307.5938
383,1.831945181,10.62492752,2005.777222,14398.43359,6.141431332,8206.972656,312.2513123,417509.875
384,1.638762116,11.06774807,1746.525024,15705.36426,6.69994545,9642.513672,326.9841003,460683.4063
385,1.706492186,11.0973177,1866.159424,16007.12402,6.666316509,9493.542969,330.909668,470025.2188
386,1.970116973,10.15239906,2124.322754,13671.68262,6.086224079,8093.486328,302.1836853,407486.7188
387,2.096590757,10.59744072,2245.598633,14571.91406,4.918749809,6505.318359,309.552124,416936.75
388,1.743946195,9.996608734,1795.92334,13297.67871,6.036763191,8088.10498,304.2459717,407282.0938
389,1.813314557,10.35581112,1899.169067,14059.75879,6.100090981,8306.777344,310.262146,425583.8125
390,1.497298837,10.00397587,1511.323486,13318.96875,5.641785622,7119.429688,295.8815918,391258.1875
391,1.353447795,9.855081558,1301.287964,12984.02344,5.650672913,7184.481445,292.3735352,385411.8438
392,1.439172506,10.1233263,1497.729004,13588.4541,1.940773368,2176.585205,301.5337219,406706.4063
393,1.848897576,10.96123505,2027.619751,15555.48047,6.284729958,8669.109375,330.3833618,466561
394,1.798615932,10.8404398,1888.095459,15217.00977,5.126894951,6837.112305,317.3018494,443329.8125
395,1.848371983,10.17150688,1967.612549,13775.68262,6.224321842,8518.073242,309.5702209,421297.4375
396,1.7826612,10.18446922,1915.874878,13862.67188,6.112196445,8352.973633,311.7148132,422283.5625
397,2.133266449,10.62185955,2302.256348,14865.18066,6.235807419,8573.608398,318.8987427,443249.8438
398,1.705894947,9.884633064,1704.869263,13160.71875,3.491441011,4404.70166,299.5246277,401751.7188
399,1.488457441,10.15081596,1441.703491,13673.41016,5.144406319,6981.039063,315.2228699,433435.0313
400,1.958450794,9.775078773,2064.366943,12800.08008,4.561779022,5623.904297,295.4669189,389237.5938
401,1.378897786,10.02435207,1405.087036,13431.93945,5.813529491,7487.057129,301.421814,407300.125
402,1.52161622,10.37783527,1513.893799,14392.68848,5.407132149,7591.324707,305.8664551,419603.2188
403,1.508357882,9.762158394,1540.165283,12705.45508,5.732984066,7340.163086,294.6424866,386019.7813
404,1.944190502,9.617816925,2004.184937,12525.68359,5.641235828,7347.361328,289.8003235,377149.0313
405,2.011349678,10.65210438,2044.557617,14949.04102,6.266080379,8604.760742,308.3486023,427917.2188
406,1.84465754,10.19554901,1933.189941,13927.2959,5.102815151,6874.27832,311.7452393,424527.0938
407,0.952129185,9.853907585,732.5213623,13080.67773,4.875101566,6331.230469,301.1630249,406101.75
408,1.605046749,9.845575333,1675.104004,13132.89648,5.922533512,7812.085449,299.7412109,405090.5
409,1.647442102,9.663066864,1732.924438,12767.33789,5.551263809,7235.625,286.691864,375260.375
410,1.947818637,10.41178226,2048.627686,14354.42773,3.730561733,5004.514648,313.1964417,432372.7813
411,1.335802794,9.788061142,1232.119629,12844.40137,5.841152191,7660.745605,295.3808899,390599.25
412,1.352998257,9.740717888,1334.018677,12716.0752,5.776292324,7514.912598,295.943512,393519.5
413,1.731367946,9.875447273,1762.126831,13267.29883,4.973762989,6657.094727,304.069458,410490.4375
414,1.691621065,10.10690784,1782.15271,13649.88672,5.925496101,7937.079102,301.3774109,405260.5313
415,1.641858578,9.889584541,1660.366089,13170.69922,4.912877083,6472.868164,293.4898071,386266.7188
416,1.59545207,9.977768898,1838.795654,13465.08887,5.953440189,8191.838379,303.9407959,410230.25
417,1.798623204,9.778386116,1987.63208,12972.20801,3.219379663,4123.374512,293.7600708,390901.0625
418,1.705559134,9.516764641,1715.71875,12383.54785,5.611624241,7279.340332,287.2437744,374925.6875
419,1.473986864,9.675049782,1437.014771,12872.05273,5.668834209,7458.859375,290.7633057,385657.4063
420,1.270410895,9.968361855,1242.065552,13224.26563,5.948769093,7889.108398,303.8530273,405262.0938
421,1.851574779,10.31442165,2026.465332,14138.89063,5.987986088,8255.724609,304.5530396,410642.3125
422,1.358769655,10.57135582,1433.474487,14780.2959,6.178488255,8357.393555,305.5185242,415966.9688
423,1.699225307,10.48676872,1815.468628,14551.16211,5.14316082,6985.753418,314.3860168,437925
424,1.49902606,10.17810059,1529.761963,13719.56348,6.061422825,8067.094727,308.1521912,418693.9688
425,1.220443249,9.809762955,1183.533936,13025.19238,5.868886948,7582.48584,298.085968,393095.2813
426,1.639019012,10.13696384,1722.239746,13625.21484,6.049320221,8011.192871,306.6841125,415918.7188
427,1.557327509,10.22868156,1534.566162,13794.98535,6.114492893,8368.78418,308.3020935,417683.2813
428,1.507428765,9.745922089,1349.549683,12707.8457,5.635916233,7244.626953,292.671875,384153.5938
429,1.533846855,9.730586052,1502.213989,12891.7666,4.748517513,6161.925781,299.7080994,402944.625
430,1.322328925,9.892305374,1384.457397,12845.60352,5.976584911,7801.619629,298.5100708,389832.1875
431,1.977846622,10.34088898,2204.304688,14027.13965,6.381946564,8756.456055,317.7255249,434070.3438
432,1.800707102,10.95014381,1915.210693,15673.77246,6.233413219,8816.266602,332.0808411,477067.4063
433,1.329644203,10.4006958,1297.659058,14215.23926,5.32120657,7423.487305,314.4170837,433142.6563
434,2.07320714,10.32398891,2276.259521,14057.60059,6.190693378,8549.25293,315.8790283,432471.9688
435,1.834083319,11.15469646,2005.066772,15934.67773,6.489114761,9292.466797,333.2814026,480732.125
436,1.573079109,10.67411423,1618.422974,15566.10254,6.457821846,9000.344727,322.2863159,455040.1563
437,1.653545499,9.843982697,1614.141479,13010.13477,5.033100605,6684.30957,296.9739075,395782.125
438,1.363666415,10.2186451,1362.097168,13781.80566,6.427143574,8936.396484,314.4693298,433243.1563
439,1.892773032,10.16775131,2076.451416,13804.31934,6.504201889,9245.207031,327.8885803,465269.875
440,1.470111012,10.46841526,1554.407471,14348.70801,4.593948841,5980.258789,311.5561523,427038.0625
441,1.323388577,10.34000397,1392.150024,14027.31836,5.651385307,7531.306152,301.3334961,406264.75
442,1.578431249,10.2341013,1729.356689,13980.21582,5.675405979,7518.276367,299.7791443,402552.1563
443,1.544128656,10.48163223,1577.244751,14284.77246,4.925799847,6538.128906,306.8135681,414313.4375
444,1.251605153,10.55394077,1284.495239,14636.28613,6.138356686,8312.726563,316.4733276,436185.4375
445,1.408072591,10.19453716,1390.960815,13871.24023,5.704190254,7565.75293,304.1966248,412687.125
446,1.612264872,10.1778841,1730.835083,13996.60547,4.730833054,6308.130371,308.1458435,426469.2188
447,1.859710455,10.0763092,1906.755005,13515.2041,5.863911152,7793.052734,303.9674072,410183.2188
448,1.581665158,10.18113041,1669.445679,13842.93164,5.708516121,7599.716797,303.1370239,411989.3125
449,1.627993584,9.669219017,1636.969116,12890.71777,5.456254959,6994.715332,295.9795227,397903.8125
450,1.742174506,10.84427643,1934.663086,15370.38965,5.338487625,7629.384766,328.8095703,469988.1875
451,1.305323601,9.824666023,1342.911499,13196.74902,5.750016212,7692.367676,297.0559387,401787.2813
452,1.524755001,10.26357841,1658.418457,13916.89063,6.244788647,8474.681641,304.1925964,408677.1563
453,1.677657843,10.65582943,1741.903931,14876.89648,5.149395466,7075.649414,323.9634094,465236.5313
454,1.301957488,9.7218256,1364.721313,12855.37695,5.689838409,7551.59375,294.6612549,392164.375
455,1.500882983,10.06307507,1511.079834,13757.1416,5.867359638,8032.171875,311.7286377,431684.375
456,1.692465663,9.458411217,1589.96228,12312.49512,5.486299515,7095.062012,282.5775757,368521.375
457,1.253206372,9.32950592,1136.391479,12070.58984,5.440382481,7024.783691,279.4045715,362135.625
458,1.56362319,9.336533546,1572.331299,11938.10254,5.362867355,6832.660156,281.5549316,360589.3438
459,1.149268866,9.428315163,1095.36731,12034.30957,4.175785542,5077.840332,285.585144,369293.3438
460,1.500398159,9.615198135,1462.839355,12434.73535,5.427617073,6874.419922,287.0278015,369623.4375
461,1.299029589,10.28065205,1166.141968,13990.38672,4.796858311,6377.830078,317.1964111,437079.0313
462,1.887007475,9.770651817,1915.610107,12823.61914,5.565310955,7224.196289,291.5614624,383528.3438
463,1.200191855,9.245455742,1115.520386,11767.98926,5.154133797,6252.831543,280.0914612,361744.7813
464,1.448965788,9.220959663,1415.770996,11718.17871,5.364121914,6817.568359,282.0808411,360856.2813
465,1.38496685,10.0532217,1466.761841,13628.06738,5.578786373,7319.617188,287.6272278,379575.875
466,2.150209665,9.637327194,2295.17749,12628.44824,2.945233583,3493.782227,283.2261963,367890.2813
467,1.65939641,9.678630829,1813.667114,12777.10254,4.579971313,5958.286133,290.4328003,383413.4063
468,1.820404768,10.16171455,1939.893188,13863.72949,5.895656109,8003.474121,309.1192627,425635.625
469,1.428374767,9.977960587,1475.287354,13385.78613,5.823721409,7836.53125,305.1529846,417704
470,1.449493289,9.770811081,1505.231689,12997.74023,5.763691902,7723.592285,297.245575,398343.5938
471,1.856984973,9.955192566,1827.453613,13360.375,4.578096867,5956.761719,299.6069336,400194.6563
472,1.327838063,9.597380638,1274.583862,12497.00586,5.326372623,6664.119141,286.3471375,372686.9375
473,1.105962276,10.22488308,1156.359253,13996.45508,4.8629179,6584.147461,301.3227539,412409.5
474,1.892511964,10.85682487,2201.959961,15643.48047,1.853751063,2184.892822,308.2104492,427692.8438
475,1.335306406,10.94001579,1339.545898,15800.56055,3.558562994,4873.857422,325.7037659,467484.8125
476,1.603888273,10.81430244,1745.869751,15186.89844,3.32096386,4296.421875,295.5916748,388579.125
477,1.342840314,9.864192009,1385.790771,13200.69629,5.679247379,7502.244629,290.4124756,380036.375
478,1.080777884,10.09076023,1044.009277,13732.29395,1.69003737,1831.994141,289.4224243,383207.9063
479,1.809787869,9.477721214,1910.646118,12365.37891,5.31085825,6645.097656,282.8877258,369028.3438
480,1.161965489,9.806868553,1219.051514,12923.11621,5.620738029,7327.161133,287.9631348,376019.2188
481,1.713157415,9.950757027,1818.216309,13309.22363,4.679656506,6066.598145,297.5276794,399839.5938
482,1.767482042,10.28058434,1805.806885,13990.02832,5.891956806,7982.984375,303.2188721,413120.4063
483,1.89655757,10.16072083,2075.372803,13762.6084,4.842733383,6414.901367,312.2420959,429580.5625
484,1.4791044,9.388931274,1436.251099,11982.72363,2.99631381,3628.348145,285.7913513,369377.8438
485,1.429709673,9.692745209,1463.507568,12647.93555,4.33027792,5528.857422,293.1168823,389629.8125
486,1.201233268,10.24050236,1218.546143,13998.00781,5.802185535,7841.611328,313.8677063,446353.8125
487,1.358391881,10.11326885,1478.274658,13897.77344,6.022763729,8390.676758,305.4824829,421404.0313
488,1.644409657,9.454154968,1740.277466,12318.14063,5.262486458,6532.484375,292.1292114,385525.6875
489,1.567245007,9.818817139,1564.5,12934.97461,4.184567928,5206.710449,289.5961609,380121.5
490,1.889122963,9.413301468,1963.916748,12094.93555,5.163880825,6360.807617,283.7092896,366025.375
491,1.557955503,9.951687813,1555.953857,13106.71973,5.75658083,7633.269531,295.7025452,387648.7813
492,1.316835761,9.673161507,1279.744873,12587.64844,4.256727219,5292.415039,294.2843018,389416.75
493,1.408590794,10.66980648,1456.06958,15227.56934,4.522093773,5914.78418,306.4196167,420484.0625
494,1.079067111,10.21539211,1016.0578,13802.53613,4.767392159,6224.086914,302.021698,405022.3125
495,1.337146401,10.06227398,1375.601563,13399.26758,5.713683605,7459.773926,304.2206421,411233.5938
496,1.234808087,10.47502804,1099.572998,14460.74512,6.082046509,8314.380859,313.7714539,431903.4063
497,1.162071586,9.772620201,1158.06665,12979.91797,5.760124207,7805.203613,298.3240051,400149.6875
498,1.44821012,9.757253647,1456.553101,12863.16895,6.065715313,8310.594727,304.991394,413612.3125
499,1.782954335,10.21783447,1915.101563,13903.42578,5.797323227,7776.390137,297.2615051,392651.3125
500,1.020076632,9.773443222,979.1908569,12851.21289,5.669251442,7536.304688,289.3188171,376872.0625
501,1.681016684,9.463914871,1797.976074,12289.70117,5.711946011,7612.855957,299.2108154,397761.375
502,1.387747884,10.03074074,1330.096802,13453.52148,5.603435993,7380.000977,296.6954346,391223.125
503,1.883926868,9.764214516,1910.571899,13107.68164,5.441665649,7004.350098,292.7310486,385241.2188
504,1.837680101,9.365465164,1813.578613,12054.55664,4.378724575,5485.668457,279.9960022,361193.8125
505,1.282541156,9.087530136,1158.513062,11431.81934,5.128410339,6219.390137,276.9687195,352188.3125
506,1.567918062,9.277975082,1630.385376,11778.84375,5.283545494,6544.566895,280.2810364,359006.25
507,1.663747907,9.417702675,1737.208252,12118.60645,5.218845844,6415.138672,287.4663696,373932.8438
508,1.584789515,9.482962608,1512.97644,11929.89551,5.155160427,6278.104492,288.5781555,370461.9688
509,1.50752151,9.871827126,1467.429932,12826.58301,5.569602489,7164.840332,305.8413696,412712.9063
510,1.356411815,9.402510643,1285.850098,11938.16504,5.150785446,6291.437012,292.2471619,381659.125
511,1.669668674,9.451247215,1756.209839,12208.59961,5.214527607,6452.827637,285.6408691,373437.9688
512,1.801722407,9.526124001,1861.581909,12398.76953,5.524381161,7235.488281,300.9171448,404847.0625
513,1.96749723,10.29684925,2123.892334,13989.62109,6.001554489,8167.310059,307.3234863,417532.9375
514,1.478203535,10.84835434,1663.073486,15433.07031,6.536179066,9368.673828,326.0988159,462995.9688
515,1.794120789,11.07823086,1953.508789,16017.03711,5.121620655,7036.81543,329.0933228,473617.3438
516,1.496755838,10.64395142,1554.253174,14862.30762,6.212728977,8657.525391,317.4208984,439506.6875
517,1.821861386,10.26885319,2068.659912,13855.58789,6.146799088,8335.214844,311.3146057,423401.7188
518,1.455296516,10.36161423,1445.486816,14183.49805,5.94879961,8003.504395,314.3352356,430511.875
519,1.250887871,10.91117573,1233.959839,15698.29199,3.544598579,4826.161133,318.5154419,446872.1563
520,1.752423286,10.88132,2008.615601,15419.79199,1.993984699,2483.331055,329.1285095,471445.9063
521,1.285338163,11.01601219,1388.067627,15959.48145,6.255023003,8910.859375,333.1888428,481913.625
522,1.28693819,9.397656441,1263.400024,12112.47559,5.262284756,6588.680176,281.4541016,361183.9688
523,1.71196115,9.462947845,1632.961426,12233.80762,5.413921356,6866.786133,282.7443848,365696.3438
524,1.432729244,9.372160912,1461.82019,11986.99414,5.369971275,6732.877441,279.1993408,356150.9375
525,1.726784587,9.559589386,1853.805542,12407.11621,4.175325871,5089.242676,286.2730103,372908.4063
526,1.320291877,9.395633698,1295.467163,11996.3916,5.183371544,6287.498535,280.3892517,353933.3438
527,1.490456462,9.47115612,1370.206543,12239.24219,5.419046879,6791.914063,284.6866455,368574.6563
528,1.444359064,9.75053215,1446.32312,12824.45215,4.287870884,5367.778809,297.3234863,399964.4375
529,1.554308414,10.00790882,1492.107056,13263.9834,5.691585541,7488.348633,294.7315369,387777.5625
530,1.672565222,9.996899605,1743.229736,13218.85449,5.64906311,7402.980957,302.4691162,408557.5625
531,1.310172081,9.814845085,1228.846436,12902.63672,4.636271477,6130.856934,297.5865784,393553.5313
532,1.327108979,10.01634026,1396.701782,13479.1748,5.858753681,7957.907715,302.6972961,408127.9375
533,1.636163592,10.0977602,1541.875244,13590.75293,5.641904354,7346.360352,306.6473694,417160.5313
534,1.531025052,9.908333778,1490.61499,13054.37012,4.645481586,5962.104492,299.0180664,395317.25
535,1.57016778,9.652535439,1621.921875,12486.51465,5.501260757,7018.121094,297.200592,393973.9063
536,1.716333628,10.03541088,1707.442261,13504.62012,4.252295494,5278.722656,289.4711914,378972.75
537,1.990128398,9.953152657,2156.75415,13226.58887,5.476803303,6966.576172,288.0663147,373814.4375
538,1.514002681,9.788394928,1463.469849,12707.21191,5.493021965,7004.849121,291.255249,378384.3125
539,1.173550367,10.07525444,1119.131714,13486.97559,5.54945612,7169.345215,291.081543,382859.125
540,1.646140337,10.1137886,1789.520264,13661.91992,5.990386486,8238.994141,309.0742798,425793.8438
541,1.674259901,10.40787792,1805.058594,14349.41113,6.067833424,8441.542969,317.9908447,444978.5625
542,1.888727784,10.32609177,1961.705444,13993.61426,6.187410831,8503.447266,320.3561707,447402.9063
543,1.615462422,10.15597248,1718.664307,13638.5957,4.779348373,6398.231445,312.8692322,433066.5938
544,1.576062918,10.11397648,1596.596313,13591.37012,5.878589153,7894.804199,306.8390808,414842.5938
545,1.657945871,10.38616753,1810.4552,15000.82227,6.41636467,9145.419922,309.6036682,452911.5938
546,1.248464346,10.44085503,1196.467651,14431.38867,4.920527935,6775.03125,315.039032,438943.1875
547,1.402207613,10.085989,1387.784912,13572.16992,6.00750494,8135.731445,301.3612061,402358
548,1.287438869,9.853786469,1270.382324,12985.64063,5.348618984,6726.016113,280.727478,358265.625
549,1.571076632,10.22468948,1547.834961,14034.29492,4.790259361,6341.547852,298.2957764,399973.0625
550,1.79447329,10.14567852,1930.154785,13858.78516,3.411989689,4414.513184,298.8969727,405048.4375
551,1.306485295,10.45898438,1382.941528,14466,6.092146397,8543.147461,309.056427,432517.0313
552,1.597621441,10.37563896,1710.897583,14126.4248,3.612067699,4726.201172,309.4622498,423228.7188
553,1.13165009,9.955859184,1064.922241,13189.48047,4.923849583,6624.174805,302.1318665,409269.8125
554,1.275838375,9.384102821,1145.747559,12037.58496,5.526996613,7205.648438,284.3424683,367435.1875
555,1.493973017,9.912075043,1509.836914,13422.19824,4.296770573,5539.1875,291.4992981,393358.5938
556,1.298297882,9.8804636,1207.213501,13386.36914,5.738629818,7784.655273,298.8929749,409188.9375
557,1.439116597,9.855426788,1450.043213,13388.13965,5.770561695,7844.148438,297.223877,405770.5
558,1.524924517,9.751024246,1577.690063,13032.40234,5.394442081,6951.145508,294.8319702,399152.3438
559,1.615958452,9.579213142,1761.510864,12619.65723,5.296843529,6726.40918,293.8572388,396847.75
560,0.96104759,10.48638153,962.2189941,14726.54297,6.113842964,8498.856445,299.9662476,409820.6875
561,1.285829186,9.921530724,1404.583862,13549.3877,5.818968773,7984.4375,300.5710754,413879.375
562,1.382957578,10.07128334,1325.366333,13752.79688,5.994627953,8295.537109,303.4713745,413035.1875
563,1.373569965,10.57863331,1437.790771,15064.10156,5.232108116,7421.076172,322.0694275,465154.0938
564,1.504118204,9.207279205,1407.829712,11928.5293,5.241853714,6743.067871,279.1325989,364129.5938
565,1.334185362,9.898173332,1273.025024,13170.2998,5.861849308,7884.529297,290.2784424,382991.9375
566,1.508743763,10.22625542,1567.743652,14346.96875,4.589051247,6154.57666,305.5548096,427510.6875
567,1.748781562,9.828780174,1889.374268,13247.85742,4.285306931,5445.398926,297.1686096,405851.625
568,1.533532143,10.12004471,1601.66272,13925.02148,5.847182274,7967.614746,300.6166992,411743.5938
569,1.274461269,9.844362259,1285.665283,13229.58594,4.38390398,5562.40918,292.0742188,387907.0313
570,1.461429119,10.08566856,1539.562134,13543.1543,5.942009449,8046.580566,302.1294556,403745.25
571,1.531851768,9.484207153,1497.446533,12321.97949,5.38193655,6883.657227,284.821106,370826.0313
572,1.349287868,10.0617609,1371.594482,13575.24512,5.903354168,7966.307129,299.9785156,402036.5
573,1.341333032,9.871718407,1300.116211,13204.9502,5.665082932,7516.145996,294.5556641,392042.2188
574,1.285990477,9.857932091,1169.65332,13150.37012,5.647709846,7456.471191,292.2476196,385077.5313
575,1.598733187,9.845835686,1567.556519,13005.57227,5.637435913,7366.896973,292.8934326,383816.8438
576,1.277511597,9.777554512,1295.866699,12906.37988,4.71653986,6109.870605,291.3034363,382484
577,1.269690752,9.914881706,1339.230347,13394.02441,5.85623455,8071.938965,294.6713867,397816.5
578,1.471549869,9.861252785,1492.203247,13321.94336,5.702271938,7763.105957,294.678833,392829.2188
579,1.206960559,9.702238083,1136.259033,13039.08398,4.540097237,6049.971191,285.7176514,378780.0625
580,1.661361217,9.531243324,1778.019653,12624.0127,4.263306141,5445.444824,273.1337585,345374.0313
581,1.605256915,10.18709564,1550.06897,14039.71484,1.751749277,1989.423096,292.9758301,391986.1875
582,1.419401288,10.22968578,1473.14978,14169.35449,5.143705845,7308.09668,302.4100952,412839.5
583,1.570691228,9.496500969,1648.141846,12276.28027,5.6992836,7650.44043,282.5639648,362226.5313
584,1.817997217,10.34723663,2041.348145,14490.51758,5.900372028,8034.196289,303.3627319,420979.2188
585,1.441271424,10.40136242,1542.957031,14507.99805,5.894002914,7918.049316,310.685791,432074.125
586,1.605026245,9.580151558,1735.166382,12351.98145,5.49230957,6978.320801,290.7020264,378682.7813
587,1.375727534,9.749738693,1354.218262,12913.08984,5.565168858,7150.103516,293.5440674,389583.3125
588,1.76752317,9.764927864,1727.657227,12877.39355,5.476424217,7056.243164,287.2064514,374775.8125
589,1.341307878,9.797136307,1349.831299,13050.1543,5.633410931,7459.773926,291.9246216,387187.1563
590,1.158141971,9.529258728,1139.626709,12422.0459,4.17571497,5170.399902,285.0376587,368468.4688
591,1.279561162,9.543878555,1233.998657,12442.00391,5.578260899,7429.952148,287.6156616,375810.25
592,1.500647783,9.749351501,1540.281006,13040.375,5.528576374,7257.864746,295.9041443,398810.0938
593,1.124308825,9.445115089,1133.313721,12201.90527,5.33163023,6699.047852,288.5854797,378579.4375
594,1.426359057,10.02035427,1490.189819,13705.74414,4.447354317,5706.659668,293.1265869,390748.5625
595,1.507891178,10.26720715,1582.194336,14065.86914,5.866995335,7885.688477,301.3601685,408617.5313
596,1.43977046,9.986714363,1480.088623,13518.39258,5.858192444,8004.338379,296.5689392,400979.5625
597,1.198848367,10.42786217,1227.703125,14549.68457,4.572958946,6030.185059,311.0281677,435235.125
598,1.753996968,9.843132973,1987.722412,13182.09863,4.173327923,5195.722168,291.3188171,385946.8438
599,1.265610933,10.22580338,1296.214966,14148.17188,5.979026318,8199.373047,310.5180969,431510.0313
600,1.106128931,10.10464191,1114.76123,13686.1709,3.322921038,4230.945313,294.9945374,389410.9063
601,1.291460752,10.05783844,1281.400879,13753.64648,5.88779974,8033.922852,296.9130249,398800.9375
602,1.335907459,10.21722412,1307.924927,13913.80957,4.838177204,6466.8125,294.8169861,389120.0938
603,1.337476373,9.714597702,1352.87207,12751.125,5.818092823,7764.608887,291.8901062,379748.6875
604,1.466400146,9.532449722,1445.930664,12406.33105,5.277161598,6609.470215,278.1035767,354850.4688
605,1.301172495,9.502809525,1313.821533,12386.75293,5.302237988,6698.501465,280.0072021,357945.0313
606,1.265847683,10.08134556,1346.636475,13734.15039,5.766119003,7685.156738,294.89328,397680.5313
607,1.5389148,10.62876892,1553.714966,14931.86719,6.105242252,8480.993164,312.1558838,430260.6563
608,1.537019491,10.22650909,1651.614014,13966.20703,4.9505229,6603.941406,300.3403931,404855.0625
609,1.304863334,10.04057312,1321.912598,13351.01758,4.986129284,6707.288086,299.0224609,398873.0938
610,1.536839843,9.980194092,1583.812988,13318.44531,6.014905453,8145.319336,300.7017822,406270.5313
611,1.559494853,10.3015337,1628.90918,14165.36523,6.111566544,8355.830078,311.9674988,430894.875
612,1.4223212,10.11855793,1357.532104,13669.2832,5.877912998,7902.703125,300.7991943,405847.625
613,1.554013729,10.37430954,1657.685913,14399.43066,3.404190302,4410.195313,306.2406311,420051.2813
614,1.73565948,10.74212933,1790.425049,15355.14648,6.170934677,8605.561523,315.7539368,450742.625
615,1.204523563,10.29127216,1265.829468,14201.31836,5.97063303,8221.62207,299.9665222,406722.2813
616,1.580339789,9.751987457,1656.280884,13036.3125,5.528206825,7271.53418,284.1465149,370393.5625
617,1.478093028,10.24100494,1518.206055,13945.00098,4.792770386,6395.300293,312.5054321,436246.9063
618,1.37424159,10.13101101,1392.593506,13823.61621,4.845451832,6428.615723,305.0052795,416579.8438
619,1.502499104,10.11936474,1514.571167,13815.69043,,,307.2528381,422745.3125
620,1.542253137,10.03563023,1504.175781,13519.21777,,,304.7369385,414111.75
621,1.210192919,10.1725111,1162.971313,13821.47266,,,304.6003723,412507.8125
622,1.427041292,9.970178604,1412.115479,13385.39063,,,295.9637756,392499.75
623,1.374798656,10.01528263,1441.536743,13290.63281,,,300.4906311,400724.5938
,,,,,,,305.0748291,417028.6875
,,,,,,,300.3164673,416494.6563
,,,,,,,305.3931885,418995.4688
,,,,,,,293.3682861,387285.2188
,,,,,,,300.6383057,401612.4688
,,,,,,,294.0099792,388736.8125
,,,,,,,295.5517273,393309.5313
,,,,,,,280.171051,365044.0625
,,,,,,,284.3305664,370230.25
,,,,,,,288.9229736,378179.5
,,,,,,,293.2996216,393404.2188
,,,,,,,296.0976868,397832.8438
,,,,,,,303.1010437,417777.4688
,,,,,,,305.9064636,421874.25
,,,,,,,306.5068054,422673.5938
,,,,,,,307.3225708,423256.6563
,,,,,,,297.8504944,408760.0625
,,,,,,,297.2766113,399930.0938
,,,,,,,293.6948853,393318.125
,,,,,,,301.8442383,410846.5938
,,,,,,,284.3167419,371557.375
,,,,,,,285.0166016,374935.5313
,,,,,,,301.5190125,408593.3125
,,,,,,,308.6347046,427706.9375
,,,,,,,302.0749207,419463.5313
,,,,,,,297.62323,410039.375
,,,,,,,298.5888977,402609.1875
,,,,,,,318.777771,455481.5938
,,,,,,,310.421051,433028.375
,,,,,,,304.8443909,417521.75
,,,,,,,310.589447,452268.3125
,,,,,,,309.8382874,440405.25
,,,,,,,305.2460022,418006.125
,,,,,,,313.7946167,439635
,,,,,,,297.8527832,403611.0938
,,,,,,,299.0826721,404702
,,,,,,,297.6791382,404962.6875
,,,,,,,308.6535645,446870.5938
,,,,,,,311.0296936,430933.6875
,,,,,,,309.5198364,427434.1875
,,,,,,,311.9421692,439959.5938
,,,,,,,305.9875183,422933.875
,,,,,,,304.0054016,412881.9063
,,,,,,,307.5385437,427366.9375
,,,,,,,310.0987854,434908.5625
,,,,,,,319.3924561,456119.625
,,,,,,,312.4877319,442879.7813
,,,,,,,298.8243713,408095.875
,,,,,,,298.0022278,399818.75
,,,,,,,298.1588745,396925.2813
,,,,,,,304.1973572,420157.2813
,,,,,,,315.4458923,445051.5938
,,,,,,,310.988739,432587.0313
,,,,,,,305.067688,422305.75
,,,,,,,312.0014343,440805.0938
,,,,,,,300.6009827,411641.6563
,,,,,,,297.7430115,394046.1875
,,,,,,,289.3816528,382077.5938
,,,,,,,300.9086609,412110.9375
,,,,,,,298.1000366,401018.5
,,,,,,,297.4465637,398271.75
,,,,,,,301.5865479,415896.4063
,,,,,,,304.574585,421547.4063
,,,,,,,302.0335388,421006.5
,,,,,,,301.2321777,423271.0938
,,,,,,,308.5634766,428938.5
,,,,,,,297.2103882,401094.8438
,,,,,,,294.1853638,394409.7813
,,,,,,,313.2188721,439038.9375
,,,,,,,307.3912659,423977.8125
,,,,,,,304.5508728,419308.75
,,,,,,,304.9120789,418076.5313
,,,,,,,299.7206726,408288.9375
,,,,,,,299.1298828,406149.2188
,,,,,,,306.8354492,433401.5625
,,,,,,,308.7428894,444254.875
,,,,,,,302.3625488,422654.0313
,,,,,,,297.3376465,427186.2813
,,,,,,,305.7814636,424267.125
,,,,,,,306.1133728,445735.2188
,,,,,,,308.8562927,430021.2813
,,,,,,,305.8395996,429702.6563
,,,,,,,290.0189209,388122.7188
,,,,,,,292.256897,391350.0625
,,,,,,,316.2383728,453565.7813
,,,,,,,306.1646118,439499.0625
,,,,,,,312.0907593,446240.875
,,,,,,,300.0830994,412026.5625
,,,,,,,293.2115173,398564.1875
,,,,,,,290.8851624,391995.75
,,,,,,,305.1164856,426175.4063
,,,,,,,300.6863403,417133.75
,,,,,,,303.5776062,421954.3125
,,,,,,,284.9517822,375462.1563
,,,,,,,298.0102539,410091.1875
,,,,,,,278.8382568,361668.625
,,,,,,,279.9536743,363798.9375
,,,,,,,281.8980103,373519.7813
,,,,,,,281.530304,374795.375
,,,,,,,285.005188,383728.5625
,,,,,,,282.1058655,368824.2188
,,,,,,,285.2810974,377601.8125
,,,,,,,289.6908875,389660.25
,,,,,,,290.0993042,384641.2188
,,,,,,,295.5649414,395433.4688
,,,,,,,292.5627747,393549.4375
,,,,,,,290.7090759,383485.8125
,,,,,,,297.6878662,402921.8438
,,,,,,,288.3238525,382184.6563
,,,,,,,282.836853,368449.6875
,,,,,,,293.9096985,398168
,,,,,,,291.2378235,393689.375
,,,,,,,291.4276428,394593.5938
,,,,,,,287.7352295,379676.3438
,,,,,,,299.0105591,408413.5313
,,,,,,,287.0299683,383292.9063
,,,,,,,290.1004028,391522.8438
,,,,,,,295.6112366,404252.9375
,,,,,,,313.320282,444300.8125
,,,,,,,300.9887695,418774.75
,,,,,,,312.0327759,441190.0938
,,,,,,,310.73172,439315.3438
,,,,,,,315.9552612,454142.625
,,,,,,,303.1019287,423577.9063
,,,,,,,294.9644775,404810.1875
,,,,,,,300.4140625,411687.5625
,,,,,,,290.3556213,389121.8125
,,,,,,,291.4634705,388340.7188
,,,,,,,290.4673767,390152.7813
,,,,,,,296.8535767,403394.4375
,,,,,,,320.6056519,451713.3125
,,,,,,,314.1080017,436867.875
,,,,,,,312.0099487,433426.25
,,,,,,,289.5861206,378770.9688
,,,,,,,282.3557434,364873.7813
,,,,,,,288.4362793,380240.6875
,,,,,,,314.4490051,443546.875
,,,,,,,289.8565674,388962.5938
,,,,,,,284.9664307,378401.6875
,,,,,,,298.4518738,404666.9375
,,,,,,,295.2759094,400741.0625
,,,,,,,305.4408569,418922.5625
,,,,,,,307.5168457,429189.0313
,,,,,,,301.4268188,409195.5313
,,,,,,,294.3388062,393162.625
,,,,,,,305.9054565,425732.75
,,,,,,,305.9450378,418955.625
,,,,,,,297.3748474,401371.6563
,,,,,,,289.4986877,388296.4688
,,,,,,,311.4060669,442485.9375
,,,,,,,300.1369629,410815.5625
,,,,,,,290.7024841,389447.7813
,,,,,,,291.9798279,388038.6563
,,,,,,,297.6760559,401901.5625
,,,,,,,303.5569458,422261.4063
,,,,,,,293.8104553,389990.5313
,,,,,,,303.1452637,417614.3438
,,,,,,,313.9133911,446049.75
,,,,,,,321.20401,469921.0313
,,,,,,,305.6495361,431197.6563
,,,,,,,308.8168945,436600.5625
,,,,,,,297.0674133,404114.75
,,,,,,,295.8046265,404854
,,,,,,,292.1650085,394420.0938
,,,,,,,312.2419434,443915.75
,,,,,,,287.9226074,386043.375