round,accuracy,adv_success
1,0.8961769938468933,0.049999999999999996
2,0.9042063355445862,0.058333333333333334
3,0.9073647856712341,0.06666666666666667
4,0.9131428003311157,0.06666666666666667
5,0.9168639779090881,0.06666666666666667
6,0.9225191473960876,0.08333333333333333
7,0.9228615164756775,0.08333333333333333
8,0.9260193705558777,0.09166666666666666
9,0.9289582967758179,0.08333333333333334
10,0.9328016042709351,0.08333333333333334
11,0.935836911201477,0.09166666666666666
12,0.9374287128448486,0.09999999999999999
13,0.9392892122268677,0.09166666666666666
14,0.9417124390602112,0.075
15,0.9416148066520691,0.09999999999999999
16,0.9427662491798401,0.10833333333333332
17,0.9460942149162292,0.10833333333333332
18,0.9471224546432495,0.09999999999999999
19,0.9469026923179626,0.16666666666666666
20,0.9484202861785889,0.15833333333333333
21,0.9476372003555298,0.2
22,0.9497672915458679,0.16666666666666666
23,0.9512847661972046,0.15833333333333333
24,0.9513095617294312,0.175
25,0.9516522884368896,0.175
26,0.9526801705360413,0.16666666666666669
27,0.9527292251586914,0.19166666666666668
28,0.9540753960609436,0.19166666666666665
29,0.9538065195083618,0.2
30,0.9558387398719788,0.19166666666666665
31,0.9554954171180725,0.19166666666666668
32,0.9568424224853516,0.19166666666666665
33,0.9566463232040405,0.21666666666666665
34,0.9577478766441345,0.2166666666666667
35,0.9585064649581909,0.2166666666666667
36,0.9590206742286682,0.2833333333333333
37,0.9591928124427795,0.25
38,0.9586785435676575,0.3416666666666667
39,0.9588495492935181,0.2333333333333333
40,0.9594614505767822,0.2666666666666667
41,0.9597552418708801,0.2833333333333333
42,0.9594860076904297,0.26666666666666666
43,0.9613961577415466,0.3416666666666667
44,0.9613224267959595,0.36666666666666664
45,0.9613715410232544,0.36666666666666664
46,0.9618613719940186,0.375
47,0.9627674221992493,0.36666666666666664
48,0.9615429639816284,0.375
49,0.9620813131332397,0.39166666666666666
50,0.9633541703224182,0.425
51,0.9635748267173767,0.39166666666666666
52,0.9626687169075012,0.4083333333333333
53,0.9631585478782654,0.36666666666666664
54,0.9635501503944397,0.3833333333333333
55,0.9638192653656006,0.425
56,0.9637462496757507,0.41666666666666663
57,0.9645536541938782,0.39166666666666666
58,0.9647498726844788,0.4
59,0.9653130769729614,0.38333333333333336
60,0.965019702911377,0.4333333333333334
61,0.964627206325531,0.45833333333333337
62,0.9651167988777161,0.45833333333333337
63,0.9653619527816772,0.45833333333333337
64,0.9653130173683167,0.45833333333333337
65,0.9659985899925232,0.45833333333333337
66,0.9662679433822632,0.45
67,0.9663659930229187,0.4666666666666666
68,0.9666838645935059,0.4666666666666666
69,0.9669041037559509,0.4916666666666666
70,0.967296302318573,0.45
71,0.9682751297950745,0.4416666666666667
72,0.9675166010856628,0.4916666666666666
73,0.9679571390151978,0.4666666666666666
74,0.9684216380119324,0.4666666666666666
75,0.9685443043708801,0.45833333333333337
76,0.9679325222969055,0.45
77,0.9685443639755249,0.4666666666666666
78,0.968544065952301,0.4666666666666667
79,0.968887448310852,0.425
80,0.9685932993888855,0.4916666666666666
81,0.9693277478218079,0.5333333333333334
82,0.9692785143852234,0.55
83,0.9693524837493896,0.4916666666666666
84,0.9697933197021484,0.5083333333333333
85,0.9702829718589783,0.525
86,0.9698910713195801,0.575
87,0.9699398875236511,0.5833333333333334
88,0.9701847434043884,0.525
89,0.9704781174659729,0.5833333333333334
90,0.9706496000289917,0.525
91,0.9704298377037048,0.6249999999999999
92,0.9706007838249207,0.6333333333333333
93,0.9705521464347839,0.6500000000000001
94,0.970870316028595,0.625
95,0.9705762267112732,0.6
96,0.9712616801261902,0.5416666666666667
97,0.970404863357544,0.6083333333333333
98,0.9708950519561768,0.6083333333333333
99,0.9706498980522156,0.6583333333333333
100,0.9712132811546326,0.65
101,0.9716783761978149,0.5833333333333333
102,0.9717763066291809,0.5416666666666666
103,0.9710664749145508,0.6416666666666667
104,0.9722904562950134,0.65
105,0.9720943570137024,0.7
106,0.9719235897064209,0.7083333333333334
107,0.9717759490013123,0.675
108,0.9717027544975281,0.725
109,0.972021222114563,0.7083333333333334
110,0.9721680879592896,0.7333333333333333
111,0.9726089239120483,0.7000000000000001
112,0.9723150730133057,0.6833333333333333
113,0.97297602891922,0.675
114,0.9727800488471985,0.6666666666666666
115,0.9722417593002319,0.6666666666666666
116,0.9730495810508728,0.6666666666666666
117,0.9722657203674316,0.7
118,0.9735386967658997,0.6833333333333333
119,0.9737105369567871,0.725
120,0.9738821983337402,0.7083333333333334
121,0.9738327264785767,0.6833333333333333
122,0.9738816022872925,0.6416666666666666
123,0.973244845867157,0.6833333333333333
124,0.9738817811012268,0.7083333333333334
125,0.9730249643325806,0.6916666666666667
126,0.9737592339515686,0.7000000000000001
127,0.9734413623809814,0.6833333333333333
128,0.9736610651016235,0.6916666666666667
129,0.9740287661552429,0.6916666666666667
130,0.9739307165145874,0.7083333333333334
131,0.974077582359314,0.6916666666666667
132,0.974469006061554,0.6916666666666667
133,0.9746648073196411,0.7
134,0.9748117923736572,0.7083333333333334
135,0.9747629761695862,0.625
136,0.9748116731643677,0.6166666666666666
137,0.9753502607345581,0.7083333333333334
138,0.9751787781715393,0.725
139,0.9752029180526733,0.6416666666666667
140,0.9748849868774414,0.6916666666666667
141,0.97527676820755,0.7
142,0.9753260016441345,0.7
143,0.9756929278373718,0.675
144,0.9758155941963196,0.6583333333333333
145,0.9758402109146118,0.7166666666666667
146,0.9755950570106506,0.6333333333333334
147,0.9752768278121948,0.6083333333333333
148,0.9757909774780273,0.7000000000000001
149,0.9757422208786011,0.7166666666666666
150,0.9759873151779175,0.7166666666666667
151,0.9762075543403625,0.7166666666666667
152,0.9762563109397888,0.6916666666666667
153,0.9764273166656494,0.7
154,0.9757908582687378,0.6833333333333333
155,0.9761333465576172,0.725
156,0.9760110378265381,0.7416666666666666
157,0.9757663607597351,0.7333333333333333
158,0.9763293862342834,0.7083333333333334
159,0.9761824607849121,0.7000000000000001
160,0.976011335849762,0.7083333333333333
161,0.9766966700553894,0.7000000000000001
162,0.9760110974311829,0.7333333333333333
163,0.9773087501525879,0.7083333333333334
164,0.9767212867736816,0.7166666666666667
165,0.9767460227012634,0.7249999999999999
166,0.9769171476364136,0.725
167,0.9768440127372742,0.725
168,0.9772597551345825,0.7083333333333334
169,0.9766477942466736,0.7
170,0.9769420623779297,0.7000000000000001
171,0.9765011072158813,0.6916666666666667
172,0.9771621227264404,0.6833333333333333
173,0.9769416451454163,0.7083333333333334
174,0.9770153760910034,0.7166666666666667
175,0.9772599935531616,0.7166666666666667
176,0.9768435955047607,0.7166666666666667
177,0.977333664894104,0.7166666666666667
178,0.9775782823562622,0.7166666666666667
179,0.9778476357460022,0.6916666666666667
180,0.97782301902771,0.7083333333333333
181,0.9772356152534485,0.725
182,0.9776272177696228,0.7500000000000001
183,0.9772843718528748,0.7166666666666666
184,0.9778227210044861,0.7249999999999999
185,0.9779695272445679,0.7583333333333334
186,0.9771372079849243,0.7416666666666666
187,0.9776270389556885,0.7583333333333334
188,0.978507936000824,0.7083333333333333
189,0.9782633185386658,0.7249999999999999
190,0.9777982831001282,0.725
191,0.9778960347175598,0.7416666666666666
192,0.9772599339485168,0.725
193,0.978190004825592,0.725
194,0.9784345030784607,0.7500000000000001
195,0.9787530899047852,0.7583333333333334
196,0.9781412482261658,0.7416666666666666
197,0.9783616662025452,0.7333333333333333
198,0.9778473973274231,0.725
199,0.9780184030532837,0.7583333333333334
200,0.9784836173057556,0.7499999999999999
201,0.9780428409576416,0.7333333333333333
202,0.9784350395202637,0.7333333333333333
203,0.9782876968383789,0.725
204,0.9780188798904419,0.7166666666666667
205,0.978507936000824,0.7333333333333333
206,0.9780185222625732,0.7333333333333333
207,0.9784345030784607,0.7500000000000001
208,0.9784588813781738,0.7583333333333334
209,0.9776758551597595,0.7416666666666667
210,0.9778960347175598,0.7666666666666667
211,0.9788262248039246,0.7500000000000001
212,0.9788014888763428,0.7583333333333334
213,0.9791196584701538,0.7416666666666666
214,0.9786543250083923,0.7999999999999999
215,0.9786790013313293,0.7583333333333334
216,0.9789489507675171,0.7999999999999999
217,0.978704035282135,0.7833333333333333
218,0.9786792397499084,0.7499999999999999
219,0.9790222644805908,0.7833333333333333
220,0.9794382452964783,0.7583333333333334
221,0.9788995385169983,0.7916666666666666
222,0.9792179465293884,0.7583333333333334
223,0.9789239168167114,0.7583333333333334
224,0.978777289390564,0.7583333333333334
225,0.9790711998939514,0.7333333333333333
226,0.9790465831756592,0.7333333333333333
227,0.9793158769607544,0.725
228,0.9791449904441833,0.7666666666666667
229,0.9793652296066284,0.7333333333333333
230,0.9792670011520386,0.7000000000000001
231,0.9792423248291016,0.725
232,0.9794138669967651,0.7499999999999999
233,0.9791937470436096,0.7416666666666666
234,0.9792670607566833,0.7333333333333333
235,0.9789979457855225,0.7333333333333333
236,0.9791449904441833,0.7166666666666667
237,0.9794873595237732,0.7999999999999999
238,0.9793895483016968,0.775
239,0.9793161749839783,0.7999999999999999
240,0.9793895483016968,0.775
241,0.9797322154045105,0.7500000000000001
242,0.9799280166625977,0.7416666666666666
243,0.9797323346138,0.7416666666666666
244,0.979316234588623,0.7249999999999999
245,0.9795851111412048,0.7500000000000001
246,0.9794384837150574,0.7166666666666666
247,0.9794139862060547,0.7249999999999999
248,0.9793895483016968,0.7166666666666666
249,0.9795117378234863,0.7249999999999999
250,0.9793158173561096,0.7249999999999999
251,0.979340136051178,0.7166666666666666
252,0.9790952801704407,0.7333333333333333
253,0.978997528553009,0.7333333333333333
254,0.9793890714645386,0.7333333333333333
255,0.9794624447822571,0.7416666666666667
256,0.9793403744697571,0.7500000000000001
257,0.9799525141716003,0.7416666666666666
258,0.9796095490455627,0.7416666666666667
259,0.9798544645309448,0.775
260,0.9792183637619019,0.775
261,0.9794630408287048,0.7916666666666666
262,0.9799520373344421,0.8
263,0.9797810912132263,0.7666666666666667
264,0.980025589466095,0.7666666666666667
265,0.9795116782188416,0.7666666666666667
266,0.9796581268310547,0.7583333333333334
267,0.9795604944229126,0.725
268,0.9796584844589233,0.7500000000000001
269,0.9794382452964783,0.7750000000000001
270,0.9801239371299744,0.8083333333333332
271,0.980466365814209,0.7833333333333334
272,0.9803929328918457,0.7916666666666666
273,0.9806867837905884,0.7999999999999999
274,0.9800011515617371,0.8083333333333332
275,0.9804908633232117,0.7916666666666667
276,0.9802460670471191,0.7416666666666666
277,0.9807114005088806,0.7666666666666667
278,0.980686366558075,0.7666666666666667
279,0.9803928136825562,0.7666666666666667
280,0.980319619178772,0.7833333333333333
281,0.9803195595741272,0.7499999999999999
282,0.9803687930107117,0.7583333333333334
283,0.9804665446281433,0.7666666666666667
284,0.9805152416229248,0.775
285,0.9804172515869141,0.75
286,0.9802460670471191,0.7916666666666666
287,0.9804172515869141,0.775
288,0.9808089137077332,0.8
289,0.9809313416481018,0.7916666666666666
290,0.9807599186897278,0.75
291,0.9807111024856567,0.725
292,0.9806129932403564,0.7583333333333334
293,0.9805884957313538,0.7500000000000001
294,0.9808579683303833,0.7666666666666667
295,0.9807111024856567,0.7583333333333334
296,0.9810540080070496,0.775
297,0.981616735458374,0.7666666666666667
298,0.9814453721046448,0.7666666666666667
299,0.9811761379241943,0.7916666666666666
300,0.9808575510978699,0.7916666666666666
301,0.9807845950126648,0.7916666666666666
302,0.9806378483772278,0.7999999999999999
303,0.9805889129638672,0.775
304,0.9806131720542908,0.7833333333333333
305,0.9807600378990173,0.775
306,0.9806625843048096,0.775
307,0.9809315800666809,0.7583333333333334
308,0.9804419875144958,0.7500000000000001
309,0.9807359576225281,0.775
310,0.9806624054908752,0.8083333333333332
311,0.9807602167129517,0.7500000000000001
312,0.9805889129638672,0.7833333333333333
313,0.9806132912635803,0.7666666666666667
314,0.9807845950126648,0.7583333333333334
315,0.9808335900306702,0.7999999999999999
316,0.9812497496604919,0.7750000000000001
317,0.9814456701278687,0.775
318,0.9811764359474182,0.7666666666666666
319,0.981298565864563,0.7999999999999999
320,0.9812740683555603,0.7916666666666666
321,0.9815922975540161,0.825
322,0.98186194896698,0.8
323,0.9818128943443298,0.775
324,0.9819106459617615,0.7583333333333333
325,0.9816414713859558,0.7416666666666667
326,0.9820330142974854,0.7583333333333333
327,0.9816170334815979,0.7416666666666667
328,0.9819351434707642,0.7583333333333333
329,0.981665849685669,0.75
330,0.9817882776260376,0.7333333333333334
331,0.981886088848114,0.7749999999999999
332,0.9817637801170349,0.75
333,0.9817147254943848,0.7666666666666667
334,0.9815189242362976,0.7166666666666666
335,0.9815437197685242,0.7416666666666667
336,0.9811763763427734,0.7583333333333333
337,0.9819352626800537,0.7916666666666666
338,0.9815191626548767,0.8083333333333332
339,0.9815436005592346,0.7583333333333333
340,0.9815434217453003,0.7249999999999999
341,0.9818373322486877,0.7416666666666667
342,0.981469988822937,0.75
343,0.9813967347145081,0.7083333333333333
344,0.9817392230033875,0.7416666666666666
345,0.9816415905952454,0.7666666666666666
346,0.9815436601638794,0.7749999999999999
347,0.9810050129890442,0.7749999999999999
348,0.980955958366394,0.825
349,0.9812989234924316,0.8
350,0.9817882776260376,0.8
351,0.9813719987869263,0.75
352,0.9813228249549866,0.7416666666666667
353,0.9808579087257385,0.7833333333333333
354,0.9816166758537292,0.7333333333333333
355,0.9812986254692078,0.725
356,0.9814209938049316,0.7333333333333333
357,0.9816655516624451,0.7666666666666666
358,0.9818369150161743,0.775
359,0.9817147254943848,0.7916666666666666
360,0.9813721776008606,0.8166666666666668
361,0.9816167950630188,0.8
362,0.9813963770866394,0.8333333333333334
363,0.9819350838661194,0.8333333333333334
364,0.9818125367164612,0.8166666666666668
365,0.9819349050521851,0.8
366,0.982252836227417,0.8083333333333333
367,0.9817636609077454,0.7833333333333333
368,0.9816413521766663,0.7749999999999999
369,0.9818615317344666,0.7833333333333333
370,0.9819108843803406,0.8083333333333333
371,0.9817149043083191,0.7916666666666667
372,0.9823514223098755,0.7833333333333333
373,0.9821068048477173,0.7666666666666667
374,0.9820088744163513,0.8083333333333333
375,0.9820087552070618,0.7583333333333333
376,0.98198401927948,0.7333333333333334
377,0.9814702272415161,0.7833333333333333
378,0.9818617105484009,0.7583333333333333
379,0.9820824265480042,0.7833333333333333
380,0.9822782278060913,0.775
381,0.9817636013031006,0.7666666666666667
382,0.9822534918785095,0.7666666666666667
383,0.9823022484779358,0.7916666666666666
384,0.9823266863822937,0.7916666666666666
385,0.9821063876152039,0.7916666666666666
386,0.9821552038192749,0.7583333333333333
387,0.982057511806488,0.7583333333333333
388,0.9821796417236328,0.7583333333333333
389,0.9820821285247803,0.7583333333333333
390,0.9820573925971985,0.7583333333333333
391,0.9821556210517883,0.7666666666666666
392,0.9820576906204224,0.7833333333333333
393,0.9822045564651489,0.7666666666666666
394,0.9825718998908997,0.8083333333333332
395,0.9822044968605042,0.7833333333333333
396,0.9825471043586731,0.7666666666666666
397,0.9826204180717468,0.75
398,0.9823272228240967,0.775
399,0.9822779893875122,0.775
400,0.9830368757247925,0.8
401,0.9827675819396973,0.8416666666666668
402,0.9824493527412415,0.8416666666666668
403,0.9826698303222656,0.825
404,0.9823026657104492,0.825
405,0.9822782278060913,0.8166666666666668
406,0.9822292327880859,0.8166666666666668
407,0.9824002385139465,0.8083333333333332
408,0.982840895652771,0.825
409,0.9825958013534546,0.8166666666666668
410,0.9824491739273071,0.7833333333333333
411,0.9823512434959412,0.7666666666666666
412,0.982718825340271,0.7833333333333333
413,0.982596218585968,0.8083333333333333
414,0.9827672243118286,0.8083333333333333
415,0.9826207756996155,0.775
416,0.9825226664543152,0.7916666666666666
417,0.9825471639633179,0.7916666666666666
418,0.9824000597000122,0.8083333333333332
419,0.9824981093406677,0.8083333333333332
420,0.9823514223098755,0.8083333333333332
421,0.9829630851745605,0.7916666666666666
422,0.9824736714363098,0.7916666666666666
423,0.9826450943946838,0.8083333333333332
424,0.9820574522018433,0.7916666666666666
425,0.9826939702033997,0.7583333333333334
426,0.9824736714363098,0.775
427,0.9824492931365967,0.725
428,0.9826695322990417,0.775
429,0.9831347465515137,0.7583333333333334
430,0.9825959205627441,0.7916666666666666
431,0.9826449751853943,0.8083333333333333
432,0.9824002385139465,0.8083333333333333
433,0.9827674031257629,0.8166666666666668
434,0.9826694130897522,0.825
435,0.9826695322990417,0.8083333333333333
436,0.9830858111381531,0.8
437,0.9831099510192871,0.8
438,0.9831836223602295,0.7749999999999999
439,0.9830122590065002,0.7833333333333333
440,0.9827675819396973,0.7583333333333333
441,0.982596218585968,0.7416666666666667
442,0.9826697707176208,0.7416666666666667
443,0.9832572340965271,0.775
444,0.9830614328384399,0.7666666666666667
445,0.9828412532806396,0.7666666666666666
446,0.982473611831665,0.75
447,0.9826695322990417,0.7583333333333333
448,0.9826695919036865,0.7583333333333334
449,0.9831346273422241,0.7833333333333333
450,0.9826696515083313,0.8
451,0.9834775328636169,0.7916666666666666
452,0.9826207756996155,0.7833333333333334
453,0.9828166365623474,0.7583333333333333
454,0.9828656315803528,0.7833333333333333
455,0.9834284782409668,0.7833333333333333
456,0.9833307266235352,0.75
457,0.9832082986831665,0.8
458,0.9831349849700928,0.8
459,0.9833552837371826,0.8083333333333333
460,0.982596218585968,0.8
461,0.9823760986328125,0.8083333333333333
462,0.9826450943946838,0.75
463,0.9829633235931396,0.75
464,0.982742965221405,0.825
465,0.9830368161201477,0.8083333333333332
466,0.9833303689956665,0.7833333333333333
467,0.9832817912101746,0.775
468,0.9829634428024292,0.7249999999999999
469,0.983110249042511,0.7333333333333333
470,0.9828165769577026,0.7666666666666666
471,0.9829634428024292,0.7666666666666666
472,0.9831349849700928,0.775
473,0.9832570552825928,0.75
474,0.9831347465515137,0.7666666666666666
475,0.9833303689956665,0.7666666666666666
476,0.9833304286003113,0.775
477,0.9834287166595459,0.775
478,0.9833793044090271,0.8083333333333333
479,0.9834284782409668,0.825
480,0.983403742313385,0.7916666666666667
481,0.9834285378456116,0.8
482,0.9834038615226746,0.8333333333333333
483,0.9835017323493958,0.7999999999999999
484,0.9834774136543274,0.8083333333333333
485,0.9835265874862671,0.8333333333333334
486,0.9831346273422241,0.7999999999999999
487,0.983110249042511,0.8166666666666668
488,0.9828163981437683,0.7999999999999999
489,0.9825960397720337,0.8
490,0.9831104278564453,0.7916666666666666
491,0.9829142689704895,0.7833333333333333
492,0.9832814335823059,0.7749999999999999
493,0.983379602432251,0.7916666666666666
494,0.9834775924682617,0.7916666666666666
495,0.9827921986579895,0.7749999999999999
496,0.9833306074142456,0.7666666666666667
497,0.9829635620117188,0.7916666666666666
498,0.983159601688385,0.8
499,0.9834285378456116,0.8083333333333333
500,0.9838448166847229,0.7833333333333333
501,0.9836733937263489,0.8083333333333333
502,0.9834774732589722,0.7833333333333333
503,0.9826942682266235,0.8083333333333332
504,0.9833796620368958,0.8166666666666668
505,0.983477771282196,0.775
506,0.9834778904914856,0.7833333333333333
507,0.9834045767784119,0.7583333333333333
508,0.9837469458580017,0.7749999999999999
509,0.9835756421089172,0.7333333333333333
510,0.9835755825042725,0.7583333333333333
511,0.9836979508399963,0.7833333333333333
512,0.9835264086723328,0.7916666666666666
513,0.9837468862533569,0.775
514,0.9837710857391357,0.75
515,0.9834038615226746,0.7583333333333334
516,0.9835508465766907,0.8083333333333332
517,0.9830121994018555,0.825
518,0.9833059906959534,0.8083333333333332
519,0.9833549857139587,0.7916666666666666
520,0.9832568764686584,0.7999999999999999
521,0.9833058714866638,0.8083333333333332
522,0.9835507869720459,0.775
523,0.983624279499054,0.7666666666666667
524,0.9832079410552979,0.7666666666666667
525,0.9837712645530701,0.7583333333333334
526,0.9840406775474548,0.7416666666666666
527,0.9840407967567444,0.7500000000000001
528,0.9839425086975098,0.7500000000000001
529,0.9841873049736023,0.7666666666666667
530,0.983648955821991,0.775
531,0.9833797812461853,0.7583333333333334
532,0.9838448762893677,0.7833333333333333
533,0.9831099510192871,0.8
534,0.9839181303977966,0.7999999999999999
535,0.9840649962425232,0.775
536,0.9839671850204468,0.7999999999999999
537,0.983967125415802,0.825
538,0.9839180707931519,0.8333333333333334
539,0.983795702457428,0.8333333333333334
540,0.9840155839920044,0.8083333333333332
541,0.9840891361236572,0.825
542,0.98430997133255,0.7999999999999999
543,0.9843590259552002,0.775
544,0.9840161204338074,0.7833333333333333
545,0.9838694930076599,0.7999999999999999
546,0.9842119812965393,0.7833333333333333
547,0.9840158820152283,0.7833333333333333
548,0.9838446974754333,0.7499999999999999
549,0.9838201403617859,0.7333333333333333
550,0.9839427471160889,0.7333333333333333
551,0.9835265874862671,0.7416666666666667
552,0.9838446378707886,0.7416666666666667
553,0.9834778308868408,0.725
554,0.9835020303726196,0.775
555,0.9839429259300232,0.775
556,0.9840406775474548,0.7833333333333333
557,0.9840652942657471,0.7583333333333333
558,0.9835756421089172,0.7666666666666667
559,0.9840651154518127,0.7666666666666667
560,0.9843830466270447,0.75
561,0.9837954044342041,0.775
562,0.9841629862785339,0.775
563,0.9843339920043945,0.7500000000000001
564,0.9844074249267578,0.775
565,0.9843586683273315,0.7833333333333333
566,0.9840646386146545,0.7666666666666667
567,0.9844076037406921,0.7666666666666666
568,0.9838446378707886,0.7999999999999999
569,0.9840893149375916,0.7916666666666666
570,0.9839914441108704,0.7833333333333333
571,0.9841384887695312,0.75
572,0.984481155872345,0.7583333333333334
573,0.9846768975257874,0.775
574,0.9846278429031372,0.775
575,0.9847259521484375,0.725
576,0.9843583703041077,0.7583333333333334
577,0.9842607378959656,0.7833333333333334
578,0.9845545887947083,0.775
579,0.9845302104949951,0.7666666666666667
580,0.9841142296791077,0.8083333333333332
581,0.9843834042549133,0.7833333333333333
582,0.9847260117530823,0.7833333333333333
583,0.9844321608543396,0.7833333333333333
584,0.9846277236938477,0.8083333333333332
585,0.9842854142189026,0.8083333333333332
586,0.9846282601356506,0.8083333333333332
587,0.9845790266990662,0.7999999999999999
588,0.9843590259552002,0.7749999999999999
589,0.9845301508903503,0.7416666666666666
590,0.9847994446754456,0.7916666666666666
591,0.9846526384353638,0.7333333333333334
592,0.9845790266990662,0.7666666666666667
593,0.9848729372024536,0.7666666666666667
594,0.9845301508903503,0.775
595,0.9843586683273315,0.775
596,0.9842116832733154,0.7416666666666667
597,0.9841383099555969,0.7166666666666666
598,0.9844072461128235,0.7249999999999999
599,0.9848973751068115,0.7249999999999999
600,0.9849703907966614,0.75
601,0.9851176142692566,0.75
602,0.9854849576950073,0.75
603,0.9853624105453491,0.7416666666666667
604,0.9855093955993652,0.7333333333333334
605,0.98524010181427,0.7666666666666667
606,0.9853622317314148,0.7500000000000001
607,0.9854356050491333,0.7333333333333334
608,0.9852396845817566,0.7083333333333333
609,0.985338032245636,0.7416666666666667
610,0.984750509262085,0.7166666666666666
611,0.9851665496826172,0.7416666666666667
612,0.9851419925689697,0.7500000000000001
613,0.9848974347114563,0.7583333333333334
614,0.9850195050239563,0.7500000000000001
615,0.9847500324249268,0.7499999999999999
616,0.984847903251648,0.725
617,0.984897255897522,0.7583333333333334
618,0.9850200414657593,0.7500000000000001
619,0.9853378534317017,0.7666666666666667
620,0.984897255897522,0.7666666666666667
621,0.9848970770835876,0.7666666666666667
622,0.98524010181427,0.7583333333333334
623,0.9852644801139832,0.7583333333333334
624,0.9852156639099121,0.7750000000000001
625,0.9849708080291748,0.775
626,0.9847503304481506,0.75
627,0.9846524000167847,0.7833333333333333
628,0.9848974347114563,0.7999999999999999
629,0.9852647185325623,0.7833333333333333
630,0.9849464893341064,0.7833333333333333
631,0.9849468469619751,0.8083333333333332
632,0.9853869080543518,0.8083333333333332
633,0.9852398037910461,0.7833333333333333
634,0.9853134751319885,0.825
635,0.9850690364837646,0.8166666666666668
636,0.9851910471916199,0.8166666666666668
637,0.9852646589279175,0.8083333333333333
638,0.9851665496826172,0.7916666666666666
639,0.984921932220459,0.7666666666666667
640,0.9850195646286011,0.775
641,0.9851910471916199,0.7666666666666667
642,0.9845302700996399,0.7916666666666666
643,0.9851421117782593,0.7333333333333334
644,0.9852890372276306,0.775
645,0.985264778137207,0.8333333333333333
646,0.9852643609046936,0.8083333333333333
647,0.9854114055633545,0.775
648,0.9851419925689697,0.7833333333333333
649,0.9847016334533691,0.775
650,0.984921932220459,0.775
651,0.9849218130111694,0.7666666666666667
652,0.9847257733345032,0.7166666666666666
653,0.9848727583885193,0.7166666666666666
654,0.9849218726158142,0.7166666666666666
655,0.9850199818611145,0.775
656,0.9851911664009094,0.7333333333333334
657,0.985191285610199,0.7583333333333334
658,0.9853137135505676,0.7500000000000001
659,0.9853135347366333,0.7666666666666667
660,0.9854850172996521,0.7166666666666666
661,0.9855830073356628,0.7666666666666666
662,0.9855338931083679,0.7666666666666667
663,0.9853624701499939,0.7666666666666667
664,0.9857298731803894,0.7833333333333333
665,0.9857296943664551,0.7916666666666666
666,0.9857050776481628,0.775
667,0.9857541918754578,0.7916666666666666
668,0.9859253168106079,0.7833333333333333
669,0.9856805205345154,0.8166666666666668
670,0.9853380918502808,0.8416666666666666
671,0.9859256744384766,0.8416666666666668
672,0.9853375554084778,0.7666666666666667
673,0.9856317639350891,0.7999999999999999
674,0.9856318235397339,0.7833333333333333
675,0.9859745502471924,0.7833333333333333
676,0.9859254956245422,0.7833333333333333
677,0.985827624797821,0.775
678,0.9858031272888184,0.775
679,0.9858521223068237,0.7916666666666666
680,0.9860478639602661,0.775
681,0.986072301864624,0.7916666666666666
682,0.9859256744384766,0.8083333333333333
683,0.9858277440071106,0.8083333333333333
684,0.9862194657325745,0.8083333333333333
685,0.9859743118286133,0.8083333333333333
686,0.9859011769294739,0.8333333333333333
687,0.9859499335289001,0.8333333333333333
688,0.9859007596969604,0.8333333333333333
689,0.9859986901283264,0.8416666666666668
690,0.9858762621879578,0.7583333333333334
691,0.9858517646789551,0.7833333333333333
692,0.9857050776481628,0.8083333333333333
693,0.9856073260307312,0.825
694,0.9856075644493103,0.8
695,0.9856072664260864,0.7500000000000001
696,0.9859011769294739,0.8
697,0.9857296347618103,0.8166666666666668
698,0.9860233068466187,0.8
699,0.9859006404876709,0.8166666666666668
700,0.9859249591827393,0.8333333333333333
701,0.9854112267494202,0.8416666666666666
702,0.9856560230255127,0.8333333333333333
703,0.9858519434928894,0.825
704,0.9854356646537781,0.8333333333333333
705,0.9853620529174805,0.8333333333333333
706,0.9857293367385864,0.8333333333333334
707,0.9853865504264832,0.825
708,0.9855335354804993,0.7999999999999999
709,0.9856316447257996,0.7916666666666666
710,0.9856560826301575,0.7666666666666667
711,0.9853377938270569,0.775
712,0.9855091571807861,0.7916666666666666
713,0.985533595085144,0.8166666666666668
714,0.9853377342224121,0.8083333333333333
715,0.9858030080795288,0.85
716,0.9857051968574524,0.7999999999999999
717,0.98590087890625,0.7999999999999999
718,0.9857293963432312,0.7833333333333333
719,0.9862679243087769,0.825
720,0.9862191677093506,0.8083333333333333
721,0.9859985709190369,0.8
722,0.9860234260559082,0.8083333333333333
723,0.9859989285469055,0.8083333333333333
724,0.9853377342224121,0.8083333333333333
725,0.9854602813720703,0.8083333333333333
726,0.9858518242835999,0.8083333333333333
727,0.9855336546897888,0.7999999999999999
728,0.9850686192512512,0.7583333333333334
729,0.9856560230255127,0.7666666666666667
730,0.9857047200202942,0.7916666666666666
731,0.9856314659118652,0.7833333333333333
732,0.9853620529174805,0.7416666666666667
733,0.9855583310127258,0.7333333333333333
734,0.985141932964325,0.7500000000000001
735,0.9858030676841736,0.7833333333333333
736,0.9852890372276306,0.7666666666666667
737,0.9857538938522339,0.7833333333333333
738,0.9856074452400208,0.8083333333333333
739,0.985533595085144,0.7916666666666666
740,0.9859006404876709,0.7999999999999999
741,0.9857540130615234,0.7916666666666666
742,0.9857540130615234,0.7666666666666667
743,0.9860722422599792,0.8083333333333333
744,0.9859746098518372,0.7500000000000001
745,0.986121416091919,0.7666666666666667
746,0.9861212372779846,0.7666666666666667
747,0.9860476851463318,0.8
748,0.9859743714332581,0.7833333333333333
749,0.9859498739242554,0.7666666666666666
750,0.9861947894096375,0.7749999999999999
751,0.9862435460090637,0.8
752,0.9860233068466187,0.7749999999999999
753,0.9861700534820557,0.7083333333333333
754,0.9863661527633667,0.7249999999999999
755,0.986072301864624,0.7416666666666667
756,0.9860233068466187,0.7666666666666667
757,0.9855826497077942,0.7333333333333333
758,0.9860478639602661,0.7083333333333334
759,0.9860723614692688,0.7500000000000001
760,0.9859989285469055,0.7
761,0.985852062702179,0.725
762,0.9860966801643372,0.7166666666666666
763,0.9859009981155396,0.7
764,0.9862191677093506,0.7416666666666667
765,0.9860972762107849,0.8166666666666667
766,0.9865132570266724,0.825
767,0.9863905906677246,0.825
768,0.9861704111099243,0.8166666666666668
769,0.9860724210739136,0.7583333333333333
770,0.9861458539962769,0.8166666666666668
771,0.9861212968826294,0.7416666666666667
772,0.9862438440322876,0.7333333333333334
773,0.9861946702003479,0.7166666666666666
774,0.9861212968826294,0.7166666666666666
775,0.9864394664764404,0.7166666666666666
776,0.9865128993988037,0.8083333333333333
777,0.9864392876625061,0.725
778,0.9860967993736267,0.7500000000000001
779,0.9859745502471924,0.7833333333333333
780,0.986072301864624,0.7833333333333333
781,0.9864885210990906,0.8333333333333333
782,0.9864394664764404,0.825
783,0.9862437844276428,0.8416666666666668
784,0.986243724822998,0.7999999999999999
785,0.9864395260810852,0.8333333333333333
786,0.9862193465232849,0.8166666666666668
787,0.9859743714332581,0.7916666666666666
788,0.9862437844276428,0.8
789,0.9863411784172058,0.7999999999999999
790,0.9861457347869873,0.8166666666666668
791,0.9860233664512634,0.8083333333333332
792,0.9862433671951294,0.7666666666666667
793,0.9862438440322876,0.7833333333333333
794,0.9864152669906616,0.775
795,0.9859259724617004,0.8166666666666668
796,0.9862684607505798,0.7999999999999999
797,0.9861704707145691,0.8166666666666668
798,0.9862926006317139,0.8333333333333333
799,0.9863170981407166,0.7916666666666666
800,0.9863659739494324,0.7916666666666666
801,0.9866353869438171,0.7833333333333333
802,0.9865127801895142,0.75
803,0.9865620732307434,0.725
804,0.9863908290863037,0.775
805,0.9863415956497192,0.7416666666666667
806,0.9864398241043091,0.7666666666666667
807,0.9865373373031616,0.8083333333333332
808,0.9865619540214539,0.7833333333333333
809,0.9865866303443909,0.7583333333333333
810,0.9866845607757568,0.7583333333333334
811,0.9861457347869873,0.7833333333333333
812,0.9865129590034485,0.7916666666666666
813,0.9864640235900879,0.7416666666666667
814,0.9865128993988037,0.7500000000000001
815,0.9865127801895142,0.7083333333333333
816,0.9863168001174927,0.7333333333333333
817,0.9865617156028748,0.7583333333333334
818,0.9863417744636536,0.7583333333333333
819,0.9866106510162354,0.7416666666666667
820,0.9864152669906616,0.7416666666666667
821,0.9863905906677246,0.7416666666666667
822,0.9864152669906616,0.7249999999999999
823,0.986341655254364,0.7416666666666667
824,0.9866597056388855,0.7583333333333333
825,0.9866843819618225,0.7083333333333333
826,0.9866354465484619,0.7249999999999999
827,0.986611008644104,0.7083333333333333
828,0.9867823123931885,0.7583333333333334
829,0.9866597652435303,0.7916666666666666
830,0.9865864515304565,0.7416666666666667
831,0.9866354465484619,0.7166666666666666
832,0.9864398241043091,0.7666666666666667
833,0.986366331577301,0.7749999999999999
834,0.9864397048950195,0.7416666666666666
835,0.9864639043807983,0.7166666666666667
836,0.9864395260810852,0.7
837,0.9865130186080933,0.7666666666666666
838,0.9865620732307434,0.75
839,0.986611008644104,0.7166666666666666
840,0.9866354465484619,0.725
841,0.9862927198410034,0.775
842,0.9864887595176697,0.7833333333333333
843,0.9865131378173828,0.7833333333333333
844,0.9862437844276428,0.7583333333333334
845,0.9867821931838989,0.7833333333333333
846,0.9865374565124512,0.725
847,0.9863904714584351,0.725
848,0.9862438440322876,0.6916666666666667
849,0.9866353273391724,0.7333333333333334
850,0.9866843223571777,0.7333333333333334
851,0.9868801236152649,0.7416666666666667
852,0.9867088198661804,0.725
853,0.9866354465484619,0.7
854,0.9864643812179565,0.725
855,0.9867334365844727,0.725
856,0.9863662123680115,0.7333333333333334
857,0.9866845011711121,0.7333333333333334
858,0.9871985912322998,0.7416666666666667
859,0.9870517253875732,0.7416666666666667
860,0.9868068695068359,0.7333333333333334
861,0.9867333769798279,0.75
862,0.9868801832199097,0.7166666666666666
863,0.9867088794708252,0.725
864,0.9863415360450745,0.7416666666666667
865,0.9863660931587219,0.7333333333333334
866,0.9866357445716858,0.7333333333333333
867,0.9865863919258118,0.7333333333333334
868,0.986341655254364,0.7666666666666667
869,0.9863172769546509,0.8
870,0.9860967397689819,0.775
871,0.9864152669906616,0.7833333333333333
872,0.9862192273139954,0.775
873,0.9859746098518372,0.7666666666666667
874,0.9859499931335449,0.7583333333333334
875,0.9865620732307434,0.7749999999999999
876,0.9863905310630798,0.7833333333333333
877,0.9864150285720825,0.7833333333333333
878,0.9857786893844604,0.7833333333333333
879,0.9863170981407166,0.7416666666666667
880,0.9862926006317139,0.7666666666666667
881,0.9859987497329712,0.7833333333333333
882,0.9861701130867004,0.7833333333333333
883,0.9859988689422607,0.7666666666666667
884,0.9859743118286133,0.8
885,0.9861944317817688,0.7833333333333333
886,0.9861456751823425,0.7583333333333334
887,0.9864882826805115,0.75
888,0.9864639043807983,0.725
889,0.9862924218177795,0.7333333333333333
890,0.9864639639854431,0.7583333333333334
891,0.986586332321167,0.7583333333333334
892,0.9865130186080933,0.7583333333333334
893,0.9864882230758667,0.7666666666666667
894,0.986463725566864,0.7583333333333334
895,0.9863661527633667,0.7666666666666667
896,0.9864393472671509,0.775
897,0.9864885807037354,0.7666666666666667
898,0.9867576956748962,0.7666666666666667
899,0.9867087006568909,0.7500000000000001
900,0.9869290590286255,0.7916666666666667
901,0.98683100938797,0.7666666666666667
902,0.9864639043807983,0.75
903,0.9868064522743225,0.7333333333333333
904,0.9867820739746094,0.725
905,0.9866350293159485,0.7500000000000001
906,0.9871735572814941,0.7333333333333333
907,0.9865373373031616,0.7
908,0.9866841435432434,0.7
909,0.987051248550415,0.7083333333333333
910,0.9861699938774109,0.6916666666666667
911,0.9862680435180664,0.7083333333333333
912,0.9864639043807983,0.725
913,0.9865372776985168,0.725
914,0.9863659739494324,0.7583333333333334
915,0.9863415360450745,0.7583333333333334
916,0.9863903522491455,0.725
917,0.9865620732307434,0.7333333333333333
918,0.986757755279541,0.7333333333333333
919,0.9866841435432434,0.7333333333333333
920,0.9863659739494324,0.7583333333333334
921,0.9866108298301697,0.7500000000000001
922,0.9865372180938721,0.7416666666666667
923,0.9866597056388855,0.725
924,0.9862434267997742,0.725
925,0.9861944317817688,0.7166666666666666
926,0.9863904714584351,0.7166666666666666
927,0.9863901734352112,0.7500000000000001
928,0.9863901734352112,0.7583333333333334
929,0.986365795135498,0.7166666666666666
930,0.9864395260810852,0.75
931,0.9862433075904846,0.7583333333333334
932,0.9865126013755798,0.7583333333333334
933,0.9865126013755798,0.775
934,0.9864395260810852,0.75
935,0.9867331385612488,0.7416666666666667
936,0.9868064522743225,0.7416666666666666
937,0.9868797659873962,0.75
938,0.9868311285972595,0.75
939,0.9866354465484619,0.7333333333333334
940,0.9867088198661804,0.7083333333333333
941,0.9867578744888306,0.7166666666666666
942,0.9869290590286255,0.75
943,0.9869045615196228,0.7583333333333333
944,0.9868067502975464,0.7583333333333333
945,0.9865126609802246,0.7583333333333333
946,0.9868308901786804,0.7583333333333333
947,0.9866840839385986,0.7583333333333333
948,0.9865862727165222,0.7583333333333333
949,0.986904501914978,0.75
950,0.9870511293411255,0.7583333333333333
951,0.9868555665016174,0.7666666666666667
952,0.987051248550415,0.7583333333333333
953,0.9869043827056885,0.7666666666666666
954,0.9868068695068359,0.775
955,0.986121654510498,0.775
956,0.9869292378425598,0.75
957,0.9867821335792542,0.7666666666666666
958,0.9863657355308533,0.7583333333333334
959,0.9864639043807983,0.75
960,0.9865864515304565,0.75
961,0.9868801236152649,0.7583333333333333
962,0.987027108669281,0.75
963,0.9871249794960022,0.775
964,0.9869780540466309,0.775
965,0.986757755279541,0.7416666666666667
966,0.9868558645248413,0.7083333333333333
967,0.9867580533027649,0.7083333333333333
968,0.9871249794960022,0.7083333333333333
969,0.9868802428245544,0.7083333333333333
970,0.9866843819618225,0.725
971,0.9868309497833252,0.75
972,0.9871003031730652,0.7333333333333333
973,0.9869535565376282,0.7416666666666667
974,0.9872962236404419,0.7333333333333333
975,0.9876144528388977,0.75
976,0.9873452186584473,0.7333333333333333
977,0.9871739149093628,0.725
978,0.9872719645500183,0.7333333333333333
979,0.9871494174003601,0.7333333333333333
980,0.9873451590538025,0.75
981,0.9872962832450867,0.7583333333333334
982,0.9874921441078186,0.7416666666666666
983,0.9874921441078186,0.7416666666666666
984,0.9874187111854553,0.7333333333333333
985,0.9877369999885559,0.75
986,0.9876394271850586,0.75
987,0.9875413179397583,0.7416666666666666
988,0.9875168204307556,0.7666666666666667
989,0.9874919652938843,0.7583333333333334
990,0.9876148104667664,0.7333333333333333
991,0.987565815448761,0.7500000000000001
992,0.9872962832450867,0.7666666666666667
993,0.9873940348625183,0.7583333333333334
994,0.9876145124435425,0.7916666666666667
995,0.9874187707901001,0.7916666666666667
996,0.9873940348625183,0.775
997,0.987785816192627,0.7833333333333333
998,0.9875653386116028,0.7750000000000001
999,0.987516462802887,0.7833333333333334
1000,0.9874186515808105,0.7666666666666667
