Round,run-2_evaluation/adv_success,run-2_l2_total/mal,run-2_evaluation/test_accuracy,run-0_evaluation/adv_success,run-0_l2_total/mal,run-0_evaluation/test_accuracy,run-1_evaluation/adv_success,run-1_l2_total/mal,run-1_evaluation/test_accuracy
1,0.009950248524546623,0.800000011920929,0.139384925365448,0.009950248524546623,0.800000011920929,0.1374007910490036,0.009950248524546623,0.7999999523162842,0.1374007910490036
2,0.1890547275543213,0.8000000715255737,0.1324404776096344,0.20895522832870483,0.800000011920929,0.1349206417798996,0.20398010313510895,0.8000000715255737,0.133432537317276
3,0.1442786008119583,0.7999999523162842,0.153273805975914,0.16417910158634186,0.800000011920929,0.1527777761220932,0.1492537260055542,0.800000011920929,0.1537698358297348
4,0.17412935197353363,0.8000001311302185,0.1607142835855484,0.2189054787158966,0.7999999523162842,0.159226194024086,0.1840796023607254,0.800000011920929,0.162202388048172
5,0.12935324013233185,0.8000001311302185,0.1641865074634552,0.15920397639274597,0.7999999523162842,0.162202388048172,0.1492537260055542,0.800000011920929,0.164682537317276
6,0.08457711338996887,0.8000001311302185,0.1785714328289032,0.10447761416435242,0.7999999523162842,0.1805555522441864,0.08457711338996887,0.8000001311302185,0.179067462682724
7,0.03980099409818649,0.800000011920929,0.18204365670681,0.049751244485378265,0.800000011920929,0.1830357164144516,0.04477611929178238,0.7999999523162842,0.1805555522441864
8,0.11940298229455948,0.8000001311302185,0.1924603134393692,0.17910447716712952,0.800000011920929,0.19295634329319,0.13432836532592773,0.8000000715255737,0.1909722238779068
9,0.06467662006616592,0.7999999523162842,0.1999007910490036,0.07960198819637299,0.800000011920929,0.1979166716337204,0.05970149114727974,0.8000001311302185,0.2023809552192688
10,0.03482586890459061,0.8000001311302185,0.198908731341362,0.03980099409818649,0.7999999523162842,0.2023809552192688,0.03482586890459061,0.800000011920929,0.1999007910490036
11,0.03482586890459061,0.7999999523162842,0.2093254029750824,0.03980099409818649,0.800000011920929,0.2108134925365448,0.03482586890459061,0.8000001311302185,0.2098214328289032
12,0.03980099409818649,0.7999997735023499,0.2162698358297348,0.049751244485378265,0.7999999523162842,0.221726194024086,0.04477611929178238,0.7999998927116394,0.2207341343164444
13,0.03482586890459061,0.800000011920929,0.227182537317276,0.03482586890459061,0.800000011920929,0.2306547611951828,0.03482586890459061,0.8000001311302185,0.2306547611951828
14,0.08457711338996887,0.8000001311302185,0.2405754029750824,0.08955223858356476,0.7999999523162842,0.2380952388048172,0.07960198819637299,0.8000000715255737,0.2380952388048172
15,0.05472636967897415,0.7999998927116394,0.2633928656578064,0.05472636967897415,0.800000011920929,0.2653769850730896,0.05472636967897415,0.800000011920929,0.2648809552192688
16,0.024875622242689133,0.800000011920929,0.264384925365448,0.024875622242689133,0.7999999523162842,0.2658730149269104,0.014925372786819935,0.800000011920929,0.2638888955116272
17,0.02985074557363987,0.8000000715255737,0.2757936418056488,0.03482586890459061,0.800000011920929,0.2762896716594696,0.02985074557363987,0.8000000715255737,0.2767857015132904
18,0.09950248897075653,0.8000000715255737,0.2827380895614624,0.10447761416435242,0.800000011920929,0.283730149269104,0.07960198819637299,0.800000011920929,0.2847222089767456
19,0.0746268630027771,0.800000011920929,0.2832341194152832,0.08457711338996887,0.800000011920929,0.2852182686328888,0.0746268630027771,0.8000001311302185,0.2842261791229248
20,0.06467662006616592,0.7999999523162842,0.2886904776096344,0.06467662006616592,0.800000011920929,0.2857142984867096,0.049751244485378265,0.8000001311302185,0.2862103283405304
21,0.024875622242689133,0.800000011920929,0.289682537317276,0.024875622242689133,0.800000011920929,0.2901785671710968,0.024875622242689133,0.800000011920929,0.2876984179019928
22,0.05472636967897415,0.800000011920929,0.2847222089767456,0.05472636967897415,0.7999999523162842,0.287202388048172,0.05472636967897415,0.800000011920929,0.287202388048172
23,0.07960198819637299,0.8000001311302185,0.2906745970249176,0.08457711338996887,0.800000011920929,0.2911706268787384,0.0746268630027771,0.800000011920929,0.2936508059501648
24,0.13432836532592773,0.7999999523162842,0.2891865074634552,0.15422885119915009,0.800000011920929,0.2886904776096344,0.13930347561836243,0.8000001311302185,0.289682537317276
25,0.12437810748815536,0.8000000715255737,0.3045634925365448,0.11940298229455948,0.7999999523162842,0.2996031641960144,0.12935324013233185,0.8000000715255737,0.3045634925365448
26,0.11940298229455948,0.7999998331069946,0.2966269850730896,0.12935324013233185,0.800000011920929,0.298115074634552,0.12437810748815536,0.8000000715255737,0.298115074634552
27,0.019900497049093246,0.7999998927116394,0.2986111044883728,0.019900497049093246,0.800000011920929,0.2986111044883728,0.019900497049093246,0.800000011920929,0.30158731341362
28,0.05970149114727974,0.8000000715255737,0.3080357015132904,0.05970149114727974,0.800000011920929,0.3060515820980072,0.05970149114727974,0.7999999523162842,0.3090277910232544
29,0.02985074557363987,0.7999998331069946,0.3095238208770752,0.02985074557363987,0.7999999523162842,0.3085317313671112,0.03482586890459061,0.8000000715255737,0.3139880895614624
30,0.06467662006616592,0.7999999523162842,0.3125,0.05970149114727974,0.800000011920929,0.3085317313671112,0.06467662006616592,0.8000000715255737,0.3125
31,0.004975124262273312,0.8000001311302185,0.3080357015132904,0.0,0.800000011920929,0.3125,0.009950248524546623,0.7999998927116394,0.310019850730896
32,0.024875622242689133,0.8000000715255737,0.3159722089767456,0.02985074557363987,0.800000011920929,0.3164682686328888,0.02985074557363987,0.800000011920929,0.314980149269104
33,0.04477611929178238,0.7999999523162842,0.32341268658638,0.03482586890459061,0.800000011920929,0.3214285671710968,0.04477611929178238,0.800000011920929,0.324404776096344
34,0.12935324013233185,0.800000011920929,0.320932537317276,0.13930347561836243,0.800000011920929,0.3199404776096344,0.11442785710096359,0.7999999523162842,0.318452388048172
35,0.12437810748815536,0.7999998927116394,0.324404776096344,0.12935324013233185,0.800000011920929,0.3219245970249176,0.12935324013233185,0.8000000715255737,0.326884925365448
36,0.1094527393579483,0.7999998927116394,0.326884925365448,0.11442785710096359,0.800000011920929,0.32341268658638,0.11442785710096359,0.800000011920929,0.3273809552192688
37,0.10447761416435242,0.800000011920929,0.3373015820980072,0.10447761416435242,0.7999999523162842,0.3323412835597992,0.10447761416435242,0.7999999523162842,0.3368055522441864
38,0.13930347561836243,0.7999998927116394,0.3387896716594696,0.15422885119915009,0.800000011920929,0.3363095223903656,0.1442786008119583,0.7999999523162842,0.3373015820980072
39,0.07960198819637299,0.8000001311302185,0.3253968358039856,0.09452736377716064,0.800000011920929,0.3263888955116272,0.07960198819637299,0.800000011920929,0.3249008059501648
40,0.04477611929178238,0.7999998927116394,0.3392857015132904,0.04477611929178238,0.7999999523162842,0.3397817313671112,0.04477611929178238,0.800000011920929,0.3457341194152832
41,0.11442785710096359,0.800000011920929,0.3333333432674408,0.12437810748815536,0.7999999523162842,0.3298611044883728,0.11442785710096359,0.8000001311302185,0.3363095223903656
42,0.11940298229455948,0.7999998927116394,0.341269850730896,0.13432836532592773,0.800000011920929,0.3368055522441864,0.11442785710096359,0.800000011920929,0.3402777910232544
43,0.10447761416435242,0.7999998927116394,0.3477182686328888,0.09950248897075653,0.7999998927116394,0.34375,0.09950248897075653,0.8000000715255737,0.3457341194152832
44,0.12437810748815536,0.8000001311302185,0.3417658805847168,0.1492537260055542,0.800000011920929,0.3382936418056488,0.12935324013233185,0.8000000715255737,0.3427579402923584
45,0.08457711338996887,0.8000000715255737,0.349702388048172,0.09950248897075653,0.800000011920929,0.346230149269104,0.08457711338996887,0.8000000715255737,0.3492063581943512
46,0.049751244485378265,0.800000011920929,0.346230149269104,0.0746268630027771,0.800000011920929,0.3487103283405304,0.04477611929178238,0.8000000715255737,0.3482142984867096
47,0.11940298229455948,0.7999998331069946,0.3482142984867096,0.12935324013233185,0.800000011920929,0.349702388048172,0.1094527393579483,0.800000011920929,0.3492063581943512
48,0.11442785710096359,0.7999998927116394,0.3586309552192688,0.16417910158634186,0.800000011920929,0.355654776096344,0.11442785710096359,0.800000011920929,0.3591269850730896
49,0.05472636967897415,0.800000011920929,0.3566468358039856,0.10447761416435242,0.800000011920929,0.3492063581943512,0.05472636967897415,0.8000001311302185,0.3586309552192688
50,0.11442785710096359,0.7999999523162842,0.3531745970249176,0.1492537260055542,0.7999999523162842,0.34375,0.11442785710096359,0.800000011920929,0.3536706268787384
51,0.12437810748815536,0.8000000715255737,0.360615074634552,0.1492537260055542,0.7999998927116394,0.3551587164402008,0.12437810748815536,0.7999999523162842,0.3616071343421936
52,0.11442785710096359,0.800000011920929,0.366567462682724,0.12437810748815536,0.800000011920929,0.3660714328289032,0.11442785710096359,0.8000001311302185,0.3645833432674408
53,0.12437810748815536,0.7999998927116394,0.3650793731212616,0.1442786008119583,0.800000011920929,0.3621031641960144,0.12935324013233185,0.8000001907348633,0.3695436418056488
54,0.08955223858356476,0.800000011920929,0.3710317313671112,0.11442785710096359,0.7999998927116394,0.3660714328289032,0.09950248897075653,0.8000000715255737,0.3730158805847168
55,0.13432836532592773,0.7999998927116394,0.3705357015132904,0.1442786008119583,0.7999998927116394,0.3680555522441864,0.12935324013233185,0.8000001311302185,0.3700396716594696
56,0.11442785710096359,0.7999998927116394,0.3779761791229248,0.11940298229455948,0.800000011920929,0.3685515820980072,0.11442785710096359,0.8000001311302185,0.3769841194152832
57,0.10447761416435242,0.800000011920929,0.3740079402923584,0.10447761416435242,0.800000011920929,0.3675595223903656,0.09950248897075653,0.8000000715255737,0.3740079402923584
58,0.10447761416435242,0.8000000715255737,0.366567462682724,0.11442785710096359,0.7999999523162842,0.3616071343421936,0.10447761416435242,0.800000011920929,0.3675595223903656
59,0.05472636967897415,0.7999999523162842,0.3824404776096344,0.06965173780918121,0.800000011920929,0.3784722089767456,0.05970149114727974,0.800000011920929,0.3799603283405304
60,0.09452736377716064,0.800000011920929,0.3769841194152832,0.1094527393579483,0.800000011920929,0.3710317313671112,0.09950248897075653,0.7999998927116394,0.375
61,0.05970149114727974,0.7999998927116394,0.3784722089767456,0.05970149114727974,0.7999999523162842,0.372519850730896,0.05970149114727974,0.800000011920929,0.372519850730896
62,0.06467662006616592,0.8000001311302185,0.3794642984867096,0.08457711338996887,0.7999999523162842,0.3745039701461792,0.05970149114727974,0.8000001311302185,0.3784722089767456
63,0.08457711338996887,0.7999998331069946,0.3824404776096344,0.1094527393579483,0.8000000715255737,0.3824404776096344,0.09452736377716064,0.8000001311302185,0.3814484179019928
64,0.1492537260055542,0.800000011920929,0.3814484179019928,0.16915422677993774,0.800000011920929,0.3799603283405304,0.15920397639274597,0.8000000715255737,0.3844245970249176
65,0.09452736377716064,0.7999998927116394,0.3824404776096344,0.1094527393579483,0.800000011920929,0.3804563581943512,0.10447761416435242,0.800000011920929,0.3839285671710968
66,0.06467662006616592,0.8000000715255737,0.3804563581943512,0.08955223858356476,0.800000011920929,0.3839285671710968,0.06965173780918121,0.8000000715255737,0.380952388048172
67,0.11442785710096359,0.7999998331069946,0.3849206268787384,0.12437810748815536,0.800000011920929,0.3844245970249176,0.11442785710096359,0.8000001311302185,0.3883928656578064
68,0.07960198819637299,0.7999999523162842,0.383432537317276,0.08955223858356476,0.7999999523162842,0.3779761791229248,0.06965173780918121,0.800000011920929,0.3824404776096344
69,0.06467662006616592,0.7999998331069946,0.3864087164402008,0.0746268630027771,0.800000011920929,0.3839285671710968,0.05970149114727974,0.8000001311302185,0.3864087164402008
70,0.08955223858356476,0.7999998927116394,0.3874008059501648,0.10447761416435242,0.8000000715255737,0.386904776096344,0.09452736377716064,0.7999998927116394,0.3874008059501648
71,0.05970149114727974,0.7999998927116394,0.3913690447807312,0.06467662006616592,0.800000011920929,0.391865074634552,0.05472636967897415,0.800000011920929,0.3903769850730896
72,0.08955223858356476,0.8000001311302185,0.3928571343421936,0.11442785710096359,0.800000011920929,0.3883928656578064,0.09452736377716064,0.8000000715255737,0.3928571343421936
73,0.08457711338996887,0.7999998927116394,0.3928571343421936,0.10447761416435242,0.8000000715255737,0.3898809552192688,0.07960198819637299,0.7999999523162842,0.3938491940498352
74,0.0746268630027771,0.7999998927116394,0.394345223903656,0.09452736377716064,0.7999999523162842,0.391865074634552,0.08955223858356476,0.8000001311302185,0.3933531641960144
75,0.15422885119915009,0.8000000715255737,0.3963293731212616,0.1890547275543213,0.7999999523162842,0.394345223903656,0.15920397639274597,0.800000011920929,0.3963293731212616
76,0.17412935197353363,0.800000011920929,0.403769850730896,0.19402985274791718,0.8000000715255737,0.3983134925365448,0.17910447716712952,0.8000001311302185,0.4017857015132904
77,0.1492537260055542,0.8000001311302185,0.3993055522441864,0.16915422677993774,0.800000011920929,0.3983134925365448,0.12935324013233185,0.7999998927116394,0.4007936418056488
78,0.2587064802646637,0.800000011920929,0.4047619104385376,0.3034825921058655,0.7999999523162842,0.4007936418056488,0.2636815905570984,0.800000011920929,0.4072420597076416
79,0.1890547275543213,0.7999999523162842,0.403769850730896,0.20895522832870483,0.800000011920929,0.4027777910232544,0.1890547275543213,0.7999999523162842,0.4027777910232544
80,0.21393035352230072,0.8000000715255737,0.4042658805847168,0.2587064802646637,0.800000011920929,0.3958333432674408,0.21393035352230072,0.7999999523162842,0.4052579402923584
81,0.12935324013233185,0.800000011920929,0.4092261791229248,0.15920397639274597,0.800000011920929,0.4027777910232544,0.13432836532592773,0.7999999523162842,0.4092261791229248
82,0.1094527393579483,0.8000001311302185,0.4022817313671112,0.13930347561836243,0.7999999523162842,0.397817462682724,0.11442785710096359,0.8000001311302185,0.4022817313671112
83,0.1492537260055542,0.7999999523162842,0.3983134925365448,0.15422885119915009,0.800000011920929,0.3958333432674408,0.13432836532592773,0.800000011920929,0.4032738208770752
84,0.1094527393579483,0.8000000715255737,0.4067460298538208,0.11442785710096359,0.800000011920929,0.4032738208770752,0.1094527393579483,0.800000011920929,0.4067460298538208
85,0.11940298229455948,0.7999999523162842,0.4126984179019928,0.13432836532592773,0.7999998927116394,0.4107142984867096,0.11442785710096359,0.8000001311302185,0.4112103283405304
86,0.12935324013233185,0.8000001311302185,0.408730149269104,0.16417910158634186,0.800000011920929,0.4047619104385376,0.12437810748815536,0.800000011920929,0.412202388048172
87,0.12437810748815536,0.800000011920929,0.4097222089767456,0.15422885119915009,0.7999999523162842,0.4057539701461792,0.13930347561836243,0.800000011920929,0.4102182686328888
88,0.1890547275543213,0.8000001311302185,0.4211309552192688,0.19900497794151306,0.800000011920929,0.4136904776096344,0.17910447716712952,0.800000011920929,0.4216269850730896
89,0.08955223858356476,0.7999998927116394,0.4166666567325592,0.09950248897075653,0.7999999523162842,0.4131944477558136,0.09950248897075653,0.8000000715255737,0.4112103283405304
90,0.15422885119915009,0.7999998927116394,0.4201388955116272,0.16915422677993774,0.800000011920929,0.4161706268787384,0.15422885119915009,0.800000011920929,0.4191468358039856
91,0.13432836532592773,0.7999997138977051,0.4246031641960144,0.15920397639274597,0.800000011920929,0.4201388955116272,0.12935324013233185,0.800000011920929,0.4226190447807312
92,0.09950248897075653,0.800000011920929,0.420634925365448,0.12935324013233185,0.7999999523162842,0.4191468358039856,0.11940298229455948,0.7999998927116394,0.4216269850730896
93,0.10447761416435242,0.800000011920929,0.4260912835597992,0.09950248897075653,0.800000011920929,0.4226190447807312,0.10447761416435242,0.8000001311302185,0.420634925365448
94,0.06467662006616592,0.8000000715255737,0.423115074634552,0.08457711338996887,0.8000000715255737,0.4216269850730896,0.05472636967897415,0.7999999523162842,0.4211309552192688
95,0.11940298229455948,0.7999998927116394,0.4340277910232544,0.13432836532592773,0.800000011920929,0.4275793731212616,0.11940298229455948,0.800000011920929,0.4320436418056488
96,0.09950248897075653,0.7999998927116394,0.425595223903656,0.13432836532592773,0.800000011920929,0.4196428656578064,0.09452736377716064,0.800000011920929,0.4221230149269104
97,0.09950248897075653,0.800000011920929,0.4280754029750824,0.11442785710096359,0.7999999523162842,0.425595223903656,0.1094527393579483,0.800000011920929,0.42658731341362
98,0.1492537260055542,0.7999998927116394,0.4226190447807312,0.16417910158634186,0.800000011920929,0.4221230149269104,0.15422885119915009,0.800000011920929,0.423115074634552
99,0.1492537260055542,0.800000011920929,0.4250991940498352,0.16417910158634186,0.800000011920929,0.423115074634552,0.15422885119915009,0.800000011920929,0.4241071343421936
100,0.09452736377716064,0.7999998331069946,0.4305555522441864,0.10447761416435242,0.800000011920929,0.4295634925365448,0.10447761416435242,0.800000011920929,0.425595223903656
101,0.09950248897075653,0.8000000715255737,0.4280754029750824,0.08457711338996887,0.800000011920929,0.4246031641960144,0.1094527393579483,0.8000001311302185,0.4275793731212616
102,0.12437810748815536,0.800000011920929,0.4360119104385376,0.13432836532592773,0.7999998927116394,0.4300595223903656,0.11442785710096359,0.8000000715255737,0.435019850730896
103,0.09950248897075653,0.800000011920929,0.431547611951828,0.09452736377716064,0.7999998927116394,0.4270833432674408,0.08955223858356476,0.8000001311302185,0.4300595223903656
104,0.11442785710096359,0.8000001311302185,0.4305555522441864,0.13930347561836243,0.800000011920929,0.4320436418056488,0.1094527393579483,0.8000001311302185,0.4320436418056488
105,0.13432836532592773,0.7999998927116394,0.4270833432674408,0.13930347561836243,0.800000011920929,0.4246031641960144,0.12437810748815536,0.800000011920929,0.425595223903656
106,0.13432836532592773,0.800000011920929,0.4250991940498352,0.17412935197353363,0.800000011920929,0.4211309552192688,0.13432836532592773,0.8000000715255737,0.4285714328289032
107,0.09452736377716064,0.7999998927116394,0.4270833432674408,0.10447761416435242,0.800000011920929,0.4246031641960144,0.08955223858356476,0.800000011920929,0.42658731341362
108,0.03980099409818649,0.800000011920929,0.4404761791229248,0.04477611929178238,0.7999999523162842,0.4340277910232544,0.03482586890459061,0.800000011920929,0.4414682686328888
109,0.03980099409818649,0.7999998331069946,0.4404761791229248,0.049751244485378265,0.7999998927116394,0.4360119104385376,0.03980099409818649,0.8000000715255737,0.4424603283405304
110,0.1094527393579483,0.8000000715255737,0.4384920597076416,0.11940298229455948,0.800000011920929,0.4340277910232544,0.12437810748815536,0.7999999523162842,0.4375
111,0.11940298229455948,0.7999998927116394,0.435019850730896,0.13432836532592773,0.800000011920929,0.4325396716594696,0.11940298229455948,0.800000011920929,0.4340277910232544
112,0.15422885119915009,0.800000011920929,0.4335317313671112,0.1442786008119583,0.800000011920929,0.4260912835597992,0.15422885119915009,0.7999998331069946,0.4335317313671112
113,0.10447761416435242,0.7999999523162842,0.4394841194152832,0.11940298229455948,0.7999998927116394,0.4360119104385376,0.1094527393579483,0.8000000715255737,0.4419642984867096
114,0.06467662006616592,0.8000001311302185,0.4419642984867096,0.06965173780918121,0.8000000715255737,0.4409722089767456,0.06467662006616592,0.7999999523162842,0.439980149269104
115,0.09452736377716064,0.7999999523162842,0.4419642984867096,0.08457711338996887,0.800000011920929,0.4389880895614624,0.09452736377716064,0.8000001907348633,0.4409722089767456
116,0.08457711338996887,0.800000011920929,0.4419642984867096,0.08457711338996887,0.800000011920929,0.4355158805847168,0.08457711338996887,0.800000011920929,0.4419642984867096
117,0.09950248897075653,0.800000011920929,0.4419642984867096,0.09950248897075653,0.800000011920929,0.4414682686328888,0.09452736377716064,0.800000011920929,0.4449404776096344
118,0.09950248897075653,0.7999998927116394,0.4394841194152832,0.10447761416435242,0.800000011920929,0.4394841194152832,0.08955223858356476,0.8000000715255737,0.4404761791229248
119,0.1840796023607254,0.8000001311302185,0.435019850730896,0.21393035352230072,0.7999999523162842,0.4325396716594696,0.1840796023607254,0.7999999523162842,0.4355158805847168
120,0.1492537260055542,0.8000000715255737,0.443452388048172,0.19402985274791718,0.800000011920929,0.439980149269104,0.1492537260055542,0.7999998927116394,0.4409722089767456
121,0.05970149114727974,0.800000011920929,0.44841268658638,0.13432836532592773,0.7999998927116394,0.4479166567325592,0.05970149114727974,0.7999999523162842,0.445932537317276
122,0.09452736377716064,0.8000001311302185,0.4523809552192688,0.20895522832870483,0.800000011920929,0.44841268658638,0.09452736377716064,0.8000000715255737,0.449404776096344
123,0.04477611929178238,0.8000000715255737,0.4499008059501648,0.09452736377716064,0.800000011920929,0.445932537317276,0.049751244485378265,0.8000000715255737,0.4499008059501648
124,0.08457711338996887,0.7999998927116394,0.4454365074634552,0.1094527393579483,0.800000011920929,0.4414682686328888,0.0746268630027771,0.800000011920929,0.4479166567325592
125,0.05472636967897415,0.7999998927116394,0.4404761791229248,0.09452736377716064,0.8000000715255737,0.4389880895614624,0.06467662006616592,0.800000011920929,0.4429563581943512
126,0.05970149114727974,0.8000001907348633,0.4444444477558136,0.049751244485378265,0.800000011920929,0.4454365074634552,0.05970149114727974,0.7999999523162842,0.4444444477558136
127,0.08457711338996887,0.800000011920929,0.44841268658638,0.06467662006616592,0.800000011920929,0.4503968358039856,0.08457711338996887,0.7999998331069946,0.4503968358039856
128,0.12437810748815536,0.7999997735023499,0.4503968358039856,0.07960198819637299,0.800000011920929,0.439980149269104,0.11442785710096359,0.7999999523162842,0.4523809552192688
129,0.08955223858356476,0.8000001311302185,0.4499008059501648,0.06965173780918121,0.7999998927116394,0.4513888955116272,0.08955223858356476,0.8000001907348633,0.4508928656578064
130,0.05472636967897415,0.7999998331069946,0.4489087164402008,0.06965173780918121,0.800000011920929,0.4479166567325592,0.05472636967897415,0.8000000715255737,0.4513888955116272
131,0.1094527393579483,0.7999999523162842,0.4499008059501648,0.03482586890459061,0.800000011920929,0.4528769850730896,0.11442785710096359,0.800000011920929,0.4503968358039856
132,0.014925372786819935,0.7999998927116394,0.4489087164402008,0.05472636967897415,0.7999998927116394,0.4429563581943512,0.014925372786819935,0.8000000715255737,0.4499008059501648
133,0.05970149114727974,0.7999998927116394,0.4508928656578064,0.08457711338996887,0.7999999523162842,0.4464285671710968,0.05970149114727974,0.8000000715255737,0.4538690447807312
134,0.09950248897075653,0.8000001311302185,0.4489087164402008,0.13930347561836243,0.7999999523162842,0.445932537317276,0.10447761416435242,0.800000011920929,0.451884925365448
135,0.1492537260055542,0.7999999523162842,0.4474206268787384,0.12437810748815536,0.800000011920929,0.4439484179019928,0.1442786008119583,0.8000000715255737,0.4474206268787384
136,0.09950248897075653,0.8000001311302185,0.4538690447807312,0.09452736377716064,0.800000011920929,0.4464285671710968,0.09950248897075653,0.800000011920929,0.4533730149269104
137,0.07960198819637299,0.7999999523162842,0.4548611044883728,0.06965173780918121,0.7999999523162842,0.451884925365448,0.08457711338996887,0.800000011920929,0.4553571343421936
138,0.09950248897075653,0.8000001311302185,0.4489087164402008,0.11940298229455948,0.7999999523162842,0.4464285671710968,0.09950248897075653,0.8000000715255737,0.4538690447807312
139,0.06965173780918121,0.7999997735023499,0.4503968358039856,0.06467662006616592,0.7999999523162842,0.4563491940498352,0.0746268630027771,0.800000011920929,0.4533730149269104
140,0.03980099409818649,0.7999997735023499,0.4528769850730896,0.09452736377716064,0.800000011920929,0.4503968358039856,0.03980099409818649,0.8000001311302185,0.4538690447807312
141,0.04477611929178238,0.7999999523162842,0.456845223903656,0.06467662006616592,0.800000011920929,0.4553571343421936,0.04477611929178238,0.7999998927116394,0.4583333432674408
142,0.02985074557363987,0.800000011920929,0.4588293731212616,0.09452736377716064,0.7999999523162842,0.445932537317276,0.03980099409818649,0.8000000715255737,0.456845223903656
143,0.02985074557363987,0.8000001311302185,0.4573412835597992,0.05472636967897415,0.7999999523162842,0.4548611044883728,0.02985074557363987,0.800000011920929,0.4573412835597992
144,0.03980099409818649,0.7999998927116394,0.460317462682724,0.12437810748815536,0.800000011920929,0.439980149269104,0.04477611929178238,0.800000011920929,0.4618055522441864
145,0.07960198819637299,0.800000011920929,0.4598214328289032,0.09452736377716064,0.7999999523162842,0.4583333432674408,0.08457711338996887,0.800000011920929,0.4538690447807312
146,0.1094527393579483,0.7999998927116394,0.4553571343421936,0.09452736377716064,0.7999999523162842,0.4503968358039856,0.11940298229455948,0.8000001311302185,0.4558531641960144
147,0.049751244485378265,0.800000011920929,0.4593254029750824,0.08457711338996887,0.7999999523162842,0.45783731341362,0.049751244485378265,0.8000001311302185,0.4623015820980072
148,0.05970149114727974,0.8000001907348633,0.4558531641960144,0.08457711338996887,0.800000011920929,0.451884925365448,0.05472636967897415,0.800000011920929,0.4558531641960144
149,0.024875622242689133,0.8000000715255737,0.460317462682724,0.08457711338996887,0.8000000715255737,0.4593254029750824,0.024875622242689133,0.800000011920929,0.4583333432674408
150,0.05970149114727974,0.7999998331069946,0.4593254029750824,0.09950248897075653,0.800000011920929,0.4613095223903656,0.0746268630027771,0.800000011920929,0.45783731341362
151,0.02985074557363987,0.8000000715255737,0.4632936418056488,0.08955223858356476,0.800000011920929,0.4598214328289032,0.03980099409818649,0.800000011920929,0.4618055522441864
152,0.05970149114727974,0.7999999523162842,0.4598214328289032,0.09452736377716064,0.7999998927116394,0.4548611044883728,0.05970149114727974,0.800000011920929,0.4618055522441864
153,0.11940298229455948,0.7999997735023499,0.4533730149269104,0.04477611929178238,0.8000000715255737,0.4563491940498352,0.11940298229455948,0.7999998927116394,0.456845223903656
154,0.08955223858356476,0.7999997138977051,0.4489087164402008,0.09452736377716064,0.800000011920929,0.454365074634552,0.09452736377716064,0.8000000715255737,0.4499008059501648
155,0.09950248897075653,0.8000001311302185,0.4533730149269104,0.05472636967897415,0.800000011920929,0.4623015820980072,0.1094527393579483,0.800000011920929,0.456845223903656
156,0.09452736377716064,0.800000011920929,0.4593254029750824,0.0746268630027771,0.800000011920929,0.45783731341362,0.09950248897075653,0.800000011920929,0.4573412835597992
157,0.07960198819637299,0.7999998927116394,0.456845223903656,0.03980099409818649,0.800000011920929,0.4548611044883728,0.09950248897075653,0.800000011920929,0.4588293731212616
158,0.06467662006616592,0.8000000715255737,0.4593254029750824,0.05472636967897415,0.800000011920929,0.4548611044883728,0.06965173780918121,0.8000001311302185,0.4593254029750824
159,0.02985074557363987,0.7999998331069946,0.4593254029750824,0.03980099409818649,0.800000011920929,0.4637896716594696,0.03482586890459061,0.8000001311302185,0.462797611951828
160,0.05970149114727974,0.800000011920929,0.4672619104385376,0.05970149114727974,0.8000000715255737,0.45783731341362,0.06965173780918121,0.8000001311302185,0.4652777910232544
161,0.05472636967897415,0.7999998331069946,0.4722222089767456,0.019900497049093246,0.800000011920929,0.4618055522441864,0.06467662006616592,0.7999998927116394,0.4707341194152832
162,0.0746268630027771,0.800000011920929,0.4623015820980072,0.05472636967897415,0.800000011920929,0.4647817313671112,0.0746268630027771,0.800000011920929,0.4667658805847168
163,0.009950248524546623,0.8000000715255737,0.462797611951828,0.03980099409818649,0.800000011920929,0.4727182686328888,0.014925372786819935,0.8000000715255737,0.4623015820980072
164,0.024875622242689133,0.800000011920929,0.4652777910232544,0.06965173780918121,0.7999998927116394,0.4702380895614624,0.02985074557363987,0.7999999523162842,0.4682539701461792
165,0.05970149114727974,0.8000001311302185,0.4598214328289032,0.03482586890459061,0.800000011920929,0.4637896716594696,0.05970149114727974,0.800000011920929,0.4588293731212616
166,0.049751244485378265,0.8000001907348633,0.4623015820980072,0.08457711338996887,0.800000011920929,0.4677579402923584,0.06467662006616592,0.8000001907348633,0.460317462682724
167,0.049751244485378265,0.7999998331069946,0.4657738208770752,0.05970149114727974,0.800000011920929,0.4657738208770752,0.049751244485378265,0.8000000715255737,0.4652777910232544
168,0.024875622242689133,0.800000011920929,0.466269850730896,0.08457711338996887,0.800000011920929,0.4632936418056488,0.02985074557363987,0.800000011920929,0.4637896716594696
169,0.049751244485378265,0.8000000715255737,0.46875,0.049751244485378265,0.800000011920929,0.4692460298538208,0.06467662006616592,0.8000001311302185,0.46875
170,0.06965173780918121,0.800000011920929,0.4637896716594696,0.05472636967897415,0.800000011920929,0.4608134925365448,0.07960198819637299,0.7999999523162842,0.462797611951828
171,0.04477611929178238,0.800000011920929,0.4632936418056488,0.03980099409818649,0.800000011920929,0.471230149269104,0.049751244485378265,0.8000000715255737,0.4647817313671112
172,0.009950248524546623,0.7999998331069946,0.4642857015132904,0.06965173780918121,0.7999999523162842,0.4637896716594696,0.009950248524546623,0.800000011920929,0.4618055522441864
173,0.02985074557363987,0.8000001311302185,0.4652777910232544,0.049751244485378265,0.800000011920929,0.460317462682724,0.04477611929178238,0.8000001907348633,0.4657738208770752
174,0.009950248524546623,0.7999998927116394,0.4702380895614624,0.08457711338996887,0.7999999523162842,0.4583333432674408,0.009950248524546623,0.800000011920929,0.4702380895614624
175,0.004975124262273312,0.800000011920929,0.4672619104385376,0.03482586890459061,0.800000011920929,0.4677579402923584,0.004975124262273312,0.8000000715255737,0.4642857015132904
176,0.019900497049093246,0.7999999523162842,0.46875,0.049751244485378265,0.800000011920929,0.4652777910232544,0.024875622242689133,0.8000001907348633,0.4652777910232544
177,0.04477611929178238,0.7999998927116394,0.4657738208770752,0.04477611929178238,0.800000011920929,0.4707341194152832,0.04477611929178238,0.800000011920929,0.46875
178,0.02985074557363987,0.7999999523162842,0.4618055522441864,0.04477611929178238,0.7999999523162842,0.4682539701461792,0.02985074557363987,0.800000011920929,0.4647817313671112
179,0.024875622242689133,0.8000001907348633,0.471230149269104,0.02985074557363987,0.800000011920929,0.4702380895614624,0.03482586890459061,0.8000000715255737,0.4727182686328888
180,0.03482586890459061,0.800000011920929,0.4672619104385376,0.0746268630027771,0.7999999523162842,0.4598214328289032,0.03980099409818649,0.800000011920929,0.4697420597076416
181,0.009950248524546623,0.7999998927116394,0.46875,0.05472636967897415,0.7999999523162842,0.4637896716594696,0.009950248524546623,0.7999998927116394,0.4732142984867096
182,0.014925372786819935,0.800000011920929,0.4677579402923584,0.05472636967897415,0.800000011920929,0.4652777910232544,0.024875622242689133,0.8000001311302185,0.4697420597076416
183,0.019900497049093246,0.8000001311302185,0.4737103283405304,0.02985074557363987,0.800000011920929,0.4672619104385376,0.019900497049093246,0.7999999523162842,0.4732142984867096
184,0.024875622242689133,0.8000000715255737,0.471230149269104,0.05970149114727974,0.800000011920929,0.4697420597076416,0.024875622242689133,0.8000001311302185,0.4707341194152832
185,0.03482586890459061,0.8000001311302185,0.4722222089767456,0.05970149114727974,0.800000011920929,0.4722222089767456,0.03980099409818649,0.8000000715255737,0.4707341194152832
186,0.02985074557363987,0.7999998927116394,0.471230149269104,0.03980099409818649,0.7999999523162842,0.4657738208770752,0.03980099409818649,0.8000000715255737,0.4727182686328888
187,0.014925372786819935,0.8000001311302185,0.4682539701461792,0.02985074557363987,0.800000011920929,0.4647817313671112,0.019900497049093246,0.800000011920929,0.4682539701461792
188,0.02985074557363987,0.800000011920929,0.4613095223903656,0.024875622242689133,0.800000011920929,0.4672619104385376,0.024875622242689133,0.800000011920929,0.4637896716594696
189,0.024875622242689133,0.800000011920929,0.4682539701461792,0.009950248524546623,0.800000011920929,0.4672619104385376,0.02985074557363987,0.7999999523162842,0.4682539701461792
190,0.019900497049093246,0.800000011920929,0.4702380895614624,0.019900497049093246,0.7999998927116394,0.466269850730896,0.024875622242689133,0.800000011920929,0.4672619104385376
191,0.004975124262273312,0.800000011920929,0.4737103283405304,0.06965173780918121,0.7999999523162842,0.4647817313671112,0.014925372786819935,0.8000000715255737,0.46875
192,0.019900497049093246,0.7999997735023499,0.4717261791229248,0.11940298229455948,0.7999998927116394,0.4583333432674408,0.024875622242689133,0.800000011920929,0.4702380895614624
193,0.004975124262273312,0.800000011920929,0.4707341194152832,0.014925372786819935,0.800000011920929,0.4647817313671112,0.004975124262273312,0.800000011920929,0.4756944477558136
194,0.019900497049093246,0.8000000715255737,0.4707341194152832,0.06467662006616592,0.7999999523162842,0.466269850730896,0.019900497049093246,0.8000001311302185,0.46875
195,0.019900497049093246,0.8000000715255737,0.4761904776096344,0.019900497049093246,0.7999998927116394,0.4667658805847168,0.019900497049093246,0.8000001311302185,0.4751984179019928
196,0.03980099409818649,0.7999997138977051,0.4722222089767456,0.08955223858356476,0.7999999523162842,0.4637896716594696,0.049751244485378265,0.8000000715255737,0.4737103283405304
197,0.02985074557363987,0.8000001311302185,0.4707341194152832,0.05472636967897415,0.7999999523162842,0.4672619104385376,0.02985074557363987,0.8000000715255737,0.4682539701461792
198,0.06467662006616592,0.7999998927116394,0.471230149269104,0.07960198819637299,0.800000011920929,0.4642857015132904,0.06467662006616592,0.8000000715255737,0.471230149269104
199,0.004975124262273312,0.7999998927116394,0.4702380895614624,0.05472636967897415,0.800000011920929,0.4652777910232544,0.009950248524546623,0.800000011920929,0.471230149269104
200,0.009950248524546623,0.7999998331069946,0.4702380895614624,0.06467662006616592,0.800000011920929,0.4702380895614624,0.014925372786819935,0.8000000715255737,0.4697420597076416
201,0.03482586890459061,0.7999999523162842,0.4756944477558136,0.04477611929178238,0.7999998927116394,0.4727182686328888,0.04477611929178238,0.8000000715255737,0.4722222089767456
202,0.03980099409818649,0.7999997735023499,0.4722222089767456,0.049751244485378265,0.8000000715255737,0.4727182686328888,0.03980099409818649,0.8000001311302185,0.471230149269104
203,0.04477611929178238,0.7999998927116394,0.474702388048172,0.03482586890459061,0.8000000715255737,0.4682539701461792,0.05472636967897415,0.800000011920929,0.4697420597076416
204,0.04477611929178238,0.800000011920929,0.471230149269104,0.04477611929178238,0.7999998927116394,0.4677579402923584,0.04477611929178238,0.8000001311302185,0.4722222089767456
205,0.03482586890459061,0.8000000715255737,0.4727182686328888,0.024875622242689133,0.800000011920929,0.4722222089767456,0.02985074557363987,0.800000011920929,0.4717261791229248
206,0.024875622242689133,0.7999998331069946,0.4742063581943512,0.0746268630027771,0.800000011920929,0.4737103283405304,0.024875622242689133,0.7999999523162842,0.4707341194152832
207,0.019900497049093246,0.7999998927116394,0.4791666567325592,0.03482586890459061,0.800000011920929,0.471230149269104,0.019900497049093246,0.7999999523162842,0.4791666567325592
208,0.024875622242689133,0.8000000715255737,0.4811508059501648,0.02985074557363987,0.7999998927116394,0.4722222089767456,0.02985074557363987,0.8000000715255737,0.4766865074634552
209,0.019900497049093246,0.7999998927116394,0.4776785671710968,0.009950248524546623,0.7999999523162842,0.474702388048172,0.019900497049093246,0.800000011920929,0.4766865074634552
210,0.019900497049093246,0.7999999523162842,0.4776785671710968,0.049751244485378265,0.800000011920929,0.4751984179019928,0.019900497049093246,0.8000000715255737,0.477182537317276
211,0.02985074557363987,0.800000011920929,0.4727182686328888,0.05970149114727974,0.7999998927116394,0.477182537317276,0.024875622242689133,0.8000001311302185,0.474702388048172
212,0.03980099409818649,0.8000001311302185,0.4776785671710968,0.0746268630027771,0.7999999523162842,0.4732142984867096,0.04477611929178238,0.800000011920929,0.4766865074634552
213,0.03482586890459061,0.7999998927116394,0.4756944477558136,0.009950248524546623,0.7999998927116394,0.480654776096344,0.03980099409818649,0.800000011920929,0.4756944477558136
214,0.019900497049093246,0.7999998927116394,0.4742063581943512,0.014925372786819935,0.7999999523162842,0.474702388048172,0.024875622242689133,0.8000001311302185,0.4722222089767456
215,0.02985074557363987,0.800000011920929,0.4737103283405304,0.03482586890459061,0.800000011920929,0.483134925365448,0.03482586890459061,0.800000011920929,0.4742063581943512
216,0.014925372786819935,0.7999997735023499,0.4717261791229248,0.049751244485378265,0.7999999523162842,0.477182537317276,0.014925372786819935,0.800000011920929,0.4727182686328888
217,0.019900497049093246,0.8000001311302185,0.4861111044883728,0.019900497049093246,0.7999998927116394,0.4851190447807312,0.024875622242689133,0.800000011920929,0.4821428656578064
218,0.024875622242689133,0.800000011920929,0.4826388955116272,0.019900497049093246,0.800000011920929,0.4811508059501648,0.02985074557363987,0.800000011920929,0.4816468358039856
219,0.014925372786819935,0.8000001311302185,0.4776785671710968,0.014925372786819935,0.800000011920929,0.4811508059501648,0.014925372786819935,0.8000000715255737,0.4801587164402008
220,0.03482586890459061,0.7999997138977051,0.4781745970249176,0.04477611929178238,0.7999998927116394,0.474702388048172,0.03980099409818649,0.800000011920929,0.477182537317276
221,0.019900497049093246,0.800000011920929,0.4841269850730896,0.019900497049093246,0.800000011920929,0.47966268658638,0.024875622242689133,0.800000011920929,0.4826388955116272
222,0.009950248524546623,0.800000011920929,0.4791666567325592,0.03482586890459061,0.7999999523162842,0.4821428656578064,0.009950248524546623,0.8000000715255737,0.47966268658638
223,0.014925372786819935,0.7999999523162842,0.4841269850730896,0.019900497049093246,0.800000011920929,0.4841269850730896,0.02985074557363987,0.800000011920929,0.488095223903656
224,0.02985074557363987,0.8000001311302185,0.4801587164402008,0.024875622242689133,0.800000011920929,0.4836309552192688,0.02985074557363987,0.8000000715255737,0.4861111044883728
225,0.02985074557363987,0.7999998927116394,0.4816468358039856,0.024875622242689133,0.800000011920929,0.480654776096344,0.02985074557363987,0.800000011920929,0.483134925365448
226,0.03980099409818649,0.800000011920929,0.4871031641960144,0.05472636967897415,0.800000011920929,0.4727182686328888,0.03980099409818649,0.8000000715255737,0.485615074634552
227,0.04477611929178238,0.8000001311302185,0.4816468358039856,0.019900497049093246,0.800000011920929,0.4776785671710968,0.04477611929178238,0.8000000715255737,0.4846230149269104
228,0.04477611929178238,0.7999998927116394,0.480654776096344,0.03980099409818649,0.800000011920929,0.4826388955116272,0.04477611929178238,0.8000001311302185,0.4801587164402008
229,0.014925372786819935,0.7999998927116394,0.4871031641960144,0.02985074557363987,0.7999998927116394,0.483134925365448,0.024875622242689133,0.8000000715255737,0.4841269850730896
230,0.019900497049093246,0.7999998927116394,0.4786706268787384,0.06965173780918121,0.800000011920929,0.47966268658638,0.019900497049093246,0.8000000715255737,0.4821428656578064
231,0.004975124262273312,0.800000011920929,0.4841269850730896,0.004975124262273312,0.800000011920929,0.47966268658638,0.004975124262273312,0.7999999523162842,0.4821428656578064
232,0.014925372786819935,0.7999996542930603,0.480654776096344,0.03482586890459061,0.7999999523162842,0.483134925365448,0.019900497049093246,0.8000001311302185,0.4826388955116272
233,0.009950248524546623,0.7999999523162842,0.4826388955116272,0.03482586890459061,0.7999999523162842,0.485615074634552,0.014925372786819935,0.8000001311302185,0.4821428656578064
234,0.03980099409818649,0.7999999523162842,0.4826388955116272,0.049751244485378265,0.7999999523162842,0.4841269850730896,0.04477611929178238,0.8000001311302185,0.4826388955116272
235,0.03980099409818649,0.8000001311302185,0.4846230149269104,0.014925372786819935,0.800000011920929,0.4866071343421936,0.03980099409818649,0.7999998927116394,0.4846230149269104
236,0.02985074557363987,0.800000011920929,0.488095223903656,0.09452736377716064,0.800000011920929,0.4816468358039856,0.03482586890459061,0.7999999523162842,0.4861111044883728
237,0.024875622242689133,0.7999997735023499,0.4905754029750824,0.05970149114727974,0.800000011920929,0.4841269850730896,0.02985074557363987,0.7999999523162842,0.4866071343421936
238,0.004975124262273312,0.7999997138977051,0.488095223903656,0.0746268630027771,0.800000011920929,0.488095223903656,0.004975124262273312,0.800000011920929,0.4871031641960144
239,0.014925372786819935,0.7999998927116394,0.48908731341362,0.014925372786819935,0.800000011920929,0.4836309552192688,0.02985074557363987,0.7999999523162842,0.4900793731212616
240,0.04477611929178238,0.7999998331069946,0.48908731341362,0.014925372786819935,0.7999999523162842,0.4836309552192688,0.04477611929178238,0.8000000715255737,0.4885912835597992
241,0.04477611929178238,0.7999998927116394,0.485615074634552,0.009950248524546623,0.7999999523162842,0.4836309552192688,0.04477611929178238,0.8000001311302185,0.4866071343421936
242,0.04477611929178238,0.8000001311302185,0.4935515820980072,0.019900497049093246,0.800000011920929,0.4791666567325592,0.04477611929178238,0.7999999523162842,0.4905754029750824
243,0.05472636967897415,0.7999999523162842,0.4965277910232544,0.05472636967897415,0.7999999523162842,0.485615074634552,0.05970149114727974,0.8000001311302185,0.4955357015132904
244,0.024875622242689133,0.800000011920929,0.4935515820980072,0.07960198819637299,0.7999998927116394,0.4786706268787384,0.02985074557363987,0.800000011920929,0.4900793731212616
245,0.024875622242689133,0.7999998331069946,0.494047611951828,0.03482586890459061,0.800000011920929,0.4910714328289032,0.024875622242689133,0.7999999523162842,0.491567462682724
246,0.03482586890459061,0.8000001311302185,0.4935515820980072,0.024875622242689133,0.800000011920929,0.4861111044883728,0.03980099409818649,0.8000000715255737,0.4925595223903656
247,0.014925372786819935,0.8000001311302185,0.4965277910232544,0.03980099409818649,0.7999999523162842,0.48908731341362,0.024875622242689133,0.800000011920929,0.4985119104385376
248,0.05472636967897415,0.7999998331069946,0.4900793731212616,0.04477611929178238,0.800000011920929,0.488095223903656,0.05970149114727974,0.7999998331069946,0.4925595223903656
249,0.03482586890459061,0.8000001907348633,0.4970238208770752,0.02985074557363987,0.800000011920929,0.4875991940498352,0.03482586890459061,0.800000011920929,0.4960317313671112
250,0.03980099409818649,0.8000001311302185,0.491567462682724,0.024875622242689133,0.7999999523162842,0.4841269850730896,0.03980099409818649,0.8000001311302185,0.4885912835597992
251,0.019900497049093246,,0.4980158805847168,0.024875622242689133,,0.4846230149269104,0.019900497049093246,,0.4955357015132904
252,0.014925372786819935,,0.4920634925365448,0.024875622242689133,,0.4866071343421936,0.019900497049093246,,0.4960317313671112
253,0.009950248524546623,,0.4965277910232544,0.03980099409818649,,0.48908731341362,0.009950248524546623,,0.4960317313671112
254,0.014925372786819935,,0.4950396716594696,0.03980099409818649,,0.4920634925365448,0.014925372786819935,,0.4930555522441864
255,0.0,,0.4945436418056488,0.06965173780918121,,0.4871031641960144,0.0,,0.4920634925365448
256,0.019900497049093246,,0.4930555522441864,0.06467662006616592,,0.4905754029750824,0.024875622242689133,,0.4920634925365448
257,0.014925372786819935,,0.4965277910232544,0.05970149114727974,,0.4900793731212616,0.019900497049093246,,0.491567462682724
258,0.049751244485378265,,0.491567462682724,0.03980099409818649,,0.488095223903656,0.05472636967897415,,0.4885912835597992
259,0.03482586890459061,,0.491567462682724,0.009950248524546623,,0.4945436418056488,0.03482586890459061,,0.4930555522441864
260,0.04477611929178238,,0.4985119104385376,0.05970149114727974,,0.4970238208770752,0.049751244485378265,,0.4925595223903656
261,0.009950248524546623,,0.4995039701461792,0.02985074557363987,,0.4935515820980072,0.009950248524546623,,0.5004960298538208
262,0.02985074557363987,,0.4900793731212616,0.03482586890459061,,0.4965277910232544,0.03482586890459061,,0.4905754029750824
263,0.019900497049093246,,0.4925595223903656,0.019900497049093246,,0.4935515820980072,0.03482586890459061,,0.4900793731212616
264,0.014925372786819935,,0.4985119104385376,0.03482586890459061,,0.4895833432674408,0.019900497049093246,,0.4990079402923584
265,0.02985074557363987,,0.5,0.0746268630027771,,0.4920634925365448,0.03482586890459061,,0.4960317313671112
266,0.004975124262273312,,0.4945436418056488,0.02985074557363987,,0.4945436418056488,0.009950248524546623,,0.4965277910232544
267,0.014925372786819935,,0.4985119104385376,0.04477611929178238,,0.494047611951828,0.014925372786819935,,0.4970238208770752
268,0.019900497049093246,,0.4960317313671112,0.019900497049093246,,0.502480149269104,0.024875622242689133,,0.4945436418056488
269,0.024875622242689133,,0.494047611951828,0.019900497049093246,,0.504960298538208,0.024875622242689133,,0.4930555522441864
270,0.014925372786819935,,0.497519850730896,0.049751244485378265,,0.4970238208770752,0.014925372786819935,,0.4955357015132904
271,0.02985074557363987,,0.4960317313671112,0.05970149114727974,,0.497519850730896,0.02985074557363987,,0.4995039701461792
272,0.024875622242689133,,0.4980158805847168,0.03980099409818649,,0.4905754029750824,0.024875622242689133,,0.5
273,0.014925372786819935,,0.502480149269104,0.02985074557363987,,0.5044642686843872,0.019900497049093246,,0.5004960298538208
274,0.014925372786819935,,0.5,0.06467662006616592,,0.4945436418056488,0.014925372786819935,,0.502480149269104
275,0.009950248524546623,,0.497519850730896,0.06965173780918121,,0.4930555522441864,0.014925372786819935,,0.5009920597076416
276,0.014925372786819935,,0.497519850730896,0.07960198819637299,,0.4925595223903656,0.019900497049093246,,0.5019841194152832
277,0.019900497049093246,,0.5039682388305664,0.02985074557363987,,0.5004960298538208,0.024875622242689133,,0.5064483880996704
278,0.004975124262273312,,0.4985119104385376,0.014925372786819935,,0.4905754029750824,0.004975124262273312,,0.5009920597076416
279,0.03980099409818649,,0.5019841194152832,0.024875622242689133,,0.4965277910232544,0.03980099409818649,,0.4990079402923584
280,0.03482586890459061,,0.5064483880996704,0.03482586890459061,,0.4985119104385376,0.03980099409818649,,0.502480149269104
281,0.05970149114727974,,0.5029761791229248,0.009950248524546623,,0.5039682388305664,0.05472636967897415,,0.5
282,0.03482586890459061,,0.4990079402923584,0.02985074557363987,,0.5019841194152832,0.03482586890459061,,0.5009920597076416
283,0.02985074557363987,,0.4990079402923584,0.009950248524546623,,0.502480149269104,0.03482586890459061,,0.4970238208770752
284,0.024875622242689133,,0.4985119104385376,0.019900497049093246,,0.5079365372657776,0.02985074557363987,,0.4985119104385376
285,0.02985074557363987,,0.5044642686843872,0.014925372786819935,,0.5019841194152832,0.03482586890459061,,0.5054563283920288
286,0.014925372786819935,,0.4990079402923584,0.019900497049093246,,0.48908731341362,0.019900497049093246,,0.4985119104385376
287,0.019900497049093246,,0.502480149269104,0.02985074557363987,,0.5019841194152832,0.019900497049093246,,0.4985119104385376
288,0.02985074557363987,,0.5014880895614624,0.03980099409818649,,0.4920634925365448,0.024875622242689133,,0.502480149269104
289,0.014925372786819935,,0.5004960298538208,0.049751244485378265,,0.5009920597076416,0.014925372786819935,,0.4965277910232544
290,0.019900497049093246,,0.5039682388305664,0.05472636967897415,,0.4885912835597992,0.019900497049093246,,0.5059523582458496
291,0.004975124262273312,,0.5034722089767456,0.04477611929178238,,0.5004960298538208,0.004975124262273312,,0.5034722089767456
292,0.014925372786819935,,0.5044642686843872,0.05472636967897415,,0.4965277910232544,0.014925372786819935,,0.4995039701461792
293,0.004975124262273312,,0.5089285969734192,0.019900497049093246,,0.4965277910232544,0.009950248524546623,,0.5059523582458496
294,0.024875622242689133,,0.5044642686843872,0.05970149114727974,,0.497519850730896,0.02985074557363987,,0.5039682388305664
295,0.019900497049093246,,0.502480149269104,0.009950248524546623,,0.5034722089767456,0.024875622242689133,,0.5059523582458496
296,0.019900497049093246,,0.507440447807312,0.06467662006616592,,0.4980158805847168,0.024875622242689133,,0.5039682388305664
297,0.019900497049093246,,0.502480149269104,0.024875622242689133,,0.497519850730896,0.019900497049093246,,0.5044642686843872
298,0.014925372786819935,,0.5014880895614624,0.04477611929178238,,0.5019841194152832,0.019900497049093246,,0.5014880895614624
299,0.024875622242689133,,0.5089285969734192,0.06965173780918121,,0.5069444179534912,0.024875622242689133,,0.5064483880996704
300,0.009950248524546623,,0.5059523582458496,0.02985074557363987,,0.502480149269104,0.009950248524546623,,0.5044642686843872
301,0.014925372786819935,,0.5019841194152832,0.02985074557363987,,0.502480149269104,0.014925372786819935,,0.504960298538208
302,0.004975124262273312,,0.4990079402923584,0.049751244485378265,,0.5029761791229248,0.009950248524546623,,0.5009920597076416
303,0.004975124262273312,,0.4980158805847168,0.014925372786819935,,0.5099206566810608,0.004975124262273312,,0.4980158805847168
304,0.009950248524546623,,0.5034722089767456,0.019900497049093246,,0.5039682388305664,0.009950248524546623,,0.504960298538208
305,0.019900497049093246,,0.5039682388305664,0.05472636967897415,,0.5029761791229248,0.019900497049093246,,0.502480149269104
306,0.019900497049093246,,0.5019841194152832,0.06965173780918121,,0.4920634925365448,0.019900497049093246,,0.5
307,0.02985074557363987,,0.5059523582458496,0.04477611929178238,,0.5029761791229248,0.03482586890459061,,0.502480149269104
308,0.024875622242689133,,0.502480149269104,0.0746268630027771,,0.4960317313671112,0.02985074557363987,,0.5029761791229248
309,0.02985074557363987,,0.5014880895614624,0.03482586890459061,,0.504960298538208,0.03482586890459061,,0.5004960298538208
310,0.024875622242689133,,0.50942462682724,0.049751244485378265,,0.4995039701461792,0.024875622242689133,,0.5084325671195984
311,0.03980099409818649,,0.5079365372657776,0.024875622242689133,,0.5064483880996704,0.04477611929178238,,0.5019841194152832
312,0.03482586890459061,,0.507440447807312,0.04477611929178238,,0.5004960298538208,0.03482586890459061,,0.5044642686843872
313,0.03482586890459061,,0.5059523582458496,0.024875622242689133,,0.5059523582458496,0.02985074557363987,,0.5044642686843872
314,0.05970149114727974,,0.507440447807312,0.05472636967897415,,0.4995039701461792,0.06965173780918121,,0.5054563283920288
315,0.03980099409818649,,0.5069444179534912,0.02985074557363987,,0.5039682388305664,0.04477611929178238,,0.50942462682724
316,0.02985074557363987,,0.5039682388305664,0.014925372786819935,,0.5059523582458496,0.02985074557363987,,0.5069444179534912
317,0.014925372786819935,,0.5084325671195984,0.014925372786819935,,0.5084325671195984,0.014925372786819935,,0.5069444179534912
318,0.004975124262273312,,0.507440447807312,0.014925372786819935,,0.5128968358039856,0.009950248524546623,,0.5089285969734192
319,0.009950248524546623,,0.5084325671195984,0.014925372786819935,,0.5109127163887024,0.009950248524546623,,0.5099206566810608
320,0.014925372786819935,,0.5059523582458496,0.019900497049093246,,0.504960298538208,0.014925372786819935,,0.5089285969734192
321,0.03482586890459061,,0.5079365372657776,0.05970149114727974,,0.4990079402923584,0.02985074557363987,,0.507440447807312
322,0.009950248524546623,,0.5064483880996704,0.03482586890459061,,0.5064483880996704,0.009950248524546623,,0.5059523582458496
323,0.03482586890459061,,0.5084325671195984,0.019900497049093246,,0.5114087462425232,0.03482586890459061,,0.5109127163887024
324,0.0,,0.5109127163887024,0.04477611929178238,,0.5009920597076416,0.0,,0.5089285969734192
325,0.014925372786819935,,0.5153769850730896,0.05970149114727974,,0.507440447807312,0.014925372786819935,,0.5128968358039856
326,0.019900497049093246,,0.5104166865348816,0.0746268630027771,,0.4990079402923584,0.024875622242689133,,0.50942462682724
327,0.019900497049093246,,0.507440447807312,0.024875622242689133,,0.502480149269104,0.019900497049093246,,0.50942462682724
328,0.02985074557363987,,0.5069444179534912,0.024875622242689133,,0.4990079402923584,0.03482586890459061,,0.5059523582458496
329,0.04477611929178238,,0.5114087462425232,0.02985074557363987,,0.5019841194152832,0.05472636967897415,,0.5124008059501648
330,0.04477611929178238,,0.5079365372657776,0.02985074557363987,,0.4950396716594696,0.04477611929178238,,0.5084325671195984
331,0.019900497049093246,,0.5114087462425232,0.03980099409818649,,0.507440447807312,0.024875622242689133,,0.5099206566810608
332,0.004975124262273312,,0.5099206566810608,0.049751244485378265,,0.5064483880996704,0.004975124262273312,,0.5104166865348816
333,0.004975124262273312,,0.5104166865348816,0.019900497049093246,,0.5069444179534912,0.009950248524546623,,0.5109127163887024
334,0.004975124262273312,,0.5138888955116272,0.05472636967897415,,0.5104166865348816,0.009950248524546623,,0.50942462682724
335,0.0,,0.5099206566810608,0.03980099409818649,,0.5079365372657776,0.0,,0.5109127163887024
336,0.024875622242689133,,0.514384925365448,0.06965173780918121,,0.4935515820980072,0.019900497049093246,,0.514384925365448
337,0.024875622242689133,,0.511904776096344,0.019900497049093246,,0.50942462682724,0.02985074557363987,,0.5109127163887024
338,0.009950248524546623,,0.5124008059501648,0.04477611929178238,,0.5044642686843872,0.014925372786819935,,0.5133928656578064
339,0.019900497049093246,,0.5084325671195984,0.014925372786819935,,0.5084325671195984,0.024875622242689133,,0.5109127163887024
340,0.004975124262273312,,0.5153769850730896,0.04477611929178238,,0.5133928656578064,0.004975124262273312,,0.5109127163887024
341,0.014925372786819935,,0.5148809552192688,0.019900497049093246,,0.5109127163887024,0.014925372786819935,,0.5158730149269104
342,0.014925372786819935,,0.5114087462425232,0.014925372786819935,,0.5099206566810608,0.024875622242689133,,0.5173611044883728
343,0.009950248524546623,,0.5128968358039856,0.02985074557363987,,0.5104166865348816,0.014925372786819935,,0.514384925365448
344,0.019900497049093246,,0.5084325671195984,0.014925372786819935,,0.5089285969734192,0.024875622242689133,,0.507440447807312
345,0.02985074557363987,,0.5084325671195984,0.024875622242689133,,0.507440447807312,0.03482586890459061,,0.5099206566810608
346,0.019900497049093246,,0.5109127163887024,0.014925372786819935,,0.5064483880996704,0.02985074557363987,,0.50942462682724
347,0.019900497049093246,,0.514384925365448,0.014925372786819935,,0.5099206566810608,0.019900497049093246,,0.5163690447807312
348,0.019900497049093246,,0.5148809552192688,0.03980099409818649,,0.507440447807312,0.019900497049093246,,0.5148809552192688
349,0.019900497049093246,,0.5109127163887024,0.04477611929178238,,0.5173611044883728,0.024875622242689133,,0.514384925365448
350,0.014925372786819935,,0.514384925365448,0.04477611929178238,,0.5138888955116272,0.014925372786819935,,0.5133928656578064
351,0.03482586890459061,,0.5069444179534912,0.03482586890459061,,0.5148809552192688,0.03482586890459061,,0.5064483880996704
352,0.024875622242689133,,0.5109127163887024,0.03980099409818649,,0.5109127163887024,0.049751244485378265,,0.5089285969734192
353,0.024875622242689133,,0.5148809552192688,0.014925372786819935,,0.5128968358039856,0.024875622242689133,,0.5128968358039856
354,0.024875622242689133,,0.5109127163887024,0.019900497049093246,,0.5178571343421936,0.024875622242689133,,0.514384925365448
355,0.019900497049093246,,0.5109127163887024,0.02985074557363987,,0.5109127163887024,0.014925372786819935,,0.50942462682724
356,0.024875622242689133,,0.5133928656578064,0.024875622242689133,,0.5133928656578064,0.02985074557363987,,0.5089285969734192
357,0.004975124262273312,,0.5133928656578064,0.024875622242689133,,0.5148809552192688,0.004975124262273312,,0.5133928656578064
358,0.03482586890459061,,0.511904776096344,0.014925372786819935,,0.514384925365448,0.03980099409818649,,0.511904776096344
359,0.009950248524546623,,0.511904776096344,0.024875622242689133,,0.511904776096344,0.014925372786819935,,0.514384925365448
360,0.02985074557363987,,0.514384925365448,0.05970149114727974,,0.5109127163887024,0.02985074557363987,,0.5109127163887024
361,0.004975124262273312,,0.5133928656578064,0.014925372786819935,,0.5084325671195984,0.004975124262273312,,0.50942462682724
362,0.004975124262273312,,0.514384925365448,0.02985074557363987,,0.511904776096344,0.004975124262273312,,0.5128968358039856
363,0.03980099409818649,,0.5148809552192688,0.03482586890459061,,0.5158730149269104,0.03980099409818649,,0.5158730149269104
364,0.03980099409818649,,0.5084325671195984,0.0,,0.5203372836112976,0.03980099409818649,,0.5084325671195984
365,0.024875622242689133,,0.511904776096344,0.009950248524546623,,0.5213293433189392,0.02985074557363987,,0.511904776096344
366,0.014925372786819935,,0.5109127163887024,0.049751244485378265,,0.5124008059501648,0.019900497049093246,,0.5124008059501648
367,0.014925372786819935,,0.5158730149269104,0.03482586890459061,,0.5158730149269104,0.014925372786819935,,0.5178571343421936
368,0.03980099409818649,,0.5208333134651184,0.02985074557363987,,0.5128968358039856,0.049751244485378265,,0.5203372836112976
369,0.019900497049093246,,0.5203372836112976,0.049751244485378265,,0.5084325671195984,0.014925372786819935,,0.5183531641960144
370,0.04477611929178238,,0.5173611044883728,0.03482586890459061,,0.504960298538208,0.04477611929178238,,0.5208333134651184
371,0.02985074557363987,,0.516865074634552,0.03980099409818649,,0.5133928656578064,0.02985074557363987,,0.5153769850730896
372,0.02985074557363987,,0.5069444179534912,0.03980099409818649,,0.5133928656578064,0.03482586890459061,,0.5109127163887024
373,0.0,,0.5133928656578064,0.024875622242689133,,0.511904776096344,0.004975124262273312,,0.511904776096344
374,0.024875622242689133,,0.5138888955116272,0.03980099409818649,,0.5188491940498352,0.019900497049093246,,0.5104166865348816
375,0.02985074557363987,,0.5124008059501648,0.014925372786819935,,0.5138888955116272,0.024875622242689133,,0.5133928656578064
376,0.03482586890459061,,0.5188491940498352,0.024875622242689133,,0.5173611044883728,0.03980099409818649,,0.5153769850730896
377,0.03482586890459061,,0.5148809552192688,0.03482586890459061,,0.5158730149269104,0.03482586890459061,,0.5153769850730896
378,0.019900497049093246,,0.516865074634552,0.05472636967897415,,0.5158730149269104,0.019900497049093246,,0.5173611044883728
379,0.049751244485378265,,0.5148809552192688,0.05472636967897415,,0.5178571343421936,0.049751244485378265,,0.5128968358039856
380,0.03980099409818649,,0.5084325671195984,0.02985074557363987,,0.5163690447807312,0.049751244485378265,,0.5109127163887024
381,0.04477611929178238,,0.5138888955116272,0.024875622242689133,,0.516865074634552,0.04477611929178238,,0.5138888955116272
382,0.03980099409818649,,0.5124008059501648,0.03980099409818649,,0.511904776096344,0.04477611929178238,,0.5124008059501648
383,0.024875622242689133,,0.5158730149269104,0.019900497049093246,,0.5124008059501648,0.02985074557363987,,0.5183531641960144
384,0.02985074557363987,,0.5128968358039856,0.02985074557363987,,0.5153769850730896,0.02985074557363987,,0.516865074634552
385,0.024875622242689133,,0.5173611044883728,0.05970149114727974,,0.5128968358039856,0.02985074557363987,,0.5213293433189392
386,0.04477611929178238,,0.5148809552192688,0.049751244485378265,,0.5064483880996704,0.04477611929178238,,0.516865074634552
387,0.03980099409818649,,0.5188491940498352,0.04477611929178238,,0.5114087462425232,0.03980099409818649,,0.5163690447807312
388,0.02985074557363987,,0.5178571343421936,0.03482586890459061,,0.5183531641960144,0.03482586890459061,,0.5183531641960144
389,0.02985074557363987,,0.516865074634552,0.024875622242689133,,0.5173611044883728,0.03482586890459061,,0.5138888955116272
390,0.02985074557363987,,0.5248016119003296,0.03482586890459061,,0.514384925365448,0.02985074557363987,,0.5223214030265808
391,0.004975124262273312,,0.5213293433189392,0.05472636967897415,,0.5163690447807312,0.004975124262273312,,0.5213293433189392
392,0.009950248524546623,,0.514384925365448,0.04477611929178238,,0.5114087462425232,0.009950248524546623,,0.514384925365448
393,0.024875622242689133,,0.5198412537574768,0.03482586890459061,,0.5178571343421936,0.024875622242689133,,0.5208333134651184
394,0.024875622242689133,,0.5148809552192688,0.02985074557363987,,0.5133928656578064,0.03482586890459061,,0.5148809552192688
395,0.024875622242689133,,0.5158730149269104,0.019900497049093246,,0.5153769850730896,0.024875622242689133,,0.5183531641960144
396,0.019900497049093246,,0.5188491940498352,0.05970149114727974,,0.5128968358039856,0.019900497049093246,,0.514384925365448
397,0.024875622242689133,,0.5203372836112976,0.03482586890459061,,0.5153769850730896,0.024875622242689133,,0.5173611044883728
398,0.024875622242689133,,0.519345223903656,0.024875622242689133,,0.5183531641960144,0.024875622242689133,,0.5203372836112976
399,0.024875622242689133,,0.5138888955116272,0.04477611929178238,,0.5178571343421936,0.024875622242689133,,0.5158730149269104
400,0.03482586890459061,,0.5158730149269104,0.049751244485378265,,0.5124008059501648,0.03482586890459061,,0.514384925365448
401,0.03980099409818649,,0.5173611044883728,0.04477611929178238,,0.5128968358039856,0.03980099409818649,,0.516865074634552
402,0.02985074557363987,,0.5163690447807312,0.03980099409818649,,0.5163690447807312,0.019900497049093246,,0.5163690447807312
403,0.019900497049093246,,0.5163690447807312,0.03980099409818649,,0.5188491940498352,0.024875622242689133,,0.5158730149269104
404,0.04477611929178238,,0.5183531641960144,0.03980099409818649,,0.5173611044883728,0.05472636967897415,,0.514384925365448
405,0.02985074557363987,,0.5213293433189392,0.02985074557363987,,0.5173611044883728,0.02985074557363987,,0.5178571343421936
406,0.02985074557363987,,0.5158730149269104,0.03482586890459061,,0.5153769850730896,0.024875622242689133,,0.5178571343421936
407,0.02985074557363987,,0.5133928656578064,0.019900497049093246,,0.5228174328804016,0.02985074557363987,,0.5104166865348816
408,0.019900497049093246,,0.5183531641960144,0.009950248524546623,,0.5203372836112976,0.024875622242689133,,0.5178571343421936
409,0.019900497049093246,,0.5228174328804016,0.019900497049093246,,0.5153769850730896,0.014925372786819935,,0.5198412537574768
410,0.019900497049093246,,0.5208333134651184,0.03980099409818649,,0.5138888955116272,0.024875622242689133,,0.5208333134651184
411,0.02985074557363987,,0.5188491940498352,0.024875622242689133,,0.5183531641960144,0.024875622242689133,,0.5198412537574768
412,0.07960198819637299,,0.5158730149269104,0.04477611929178238,,0.5188491940498352,0.07960198819637299,,0.5104166865348816
413,0.02985074557363987,,0.523809552192688,0.05472636967897415,,0.5208333134651184,0.02985074557363987,,0.5203372836112976
414,0.03980099409818649,,0.5153769850730896,0.02985074557363987,,0.52182537317276,0.049751244485378265,,0.5128968358039856
415,0.019900497049093246,,0.516865074634552,0.03980099409818649,,0.519345223903656,0.02985074557363987,,0.514384925365448
416,0.02985074557363987,,0.519345223903656,0.06965173780918121,,0.5203372836112976,0.02985074557363987,,0.5163690447807312
417,0.024875622242689133,,0.5173611044883728,0.019900497049093246,,0.5208333134651184,0.024875622242689133,,0.5173611044883728
418,0.024875622242689133,,0.5208333134651184,0.019900497049093246,,0.523809552192688,0.024875622242689133,,0.5213293433189392
419,0.014925372786819935,,0.5228174328804016,0.0,,0.5223214030265808,0.014925372786819935,,0.5233134627342224
420,0.009950248524546623,,0.5233134627342224,0.02985074557363987,,0.52182537317276,0.009950248524546623,,0.5203372836112976
421,0.014925372786819935,,0.5243055820465088,0.049751244485378265,,0.5257936716079712,0.014925372786819935,,0.519345223903656
422,0.03980099409818649,,0.5198412537574768,0.05970149114727974,,0.5223214030265808,0.03980099409818649,,0.5208333134651184
423,0.019900497049093246,,0.5248016119003296,0.02985074557363987,,0.5233134627342224,0.024875622242689133,,0.5203372836112976
424,0.019900497049093246,,0.5228174328804016,0.05472636967897415,,0.514384925365448,0.024875622242689133,,0.5208333134651184
425,0.03482586890459061,,0.5257936716079712,0.049751244485378265,,0.5178571343421936,0.03980099409818649,,0.5267857313156128
426,0.03980099409818649,,0.5213293433189392,0.02985074557363987,,0.5188491940498352,0.03482586890459061,,0.5243055820465088
427,0.02985074557363987,,0.52182537317276,0.03980099409818649,,0.5213293433189392,0.02985074557363987,,0.5233134627342224
428,0.024875622242689133,,0.5213293433189392,0.03482586890459061,,0.519345223903656,0.024875622242689133,,0.5243055820465088
429,0.024875622242689133,,0.5223214030265808,0.009950248524546623,,0.5208333134651184,0.024875622242689133,,0.5203372836112976
430,0.05472636967897415,,0.5198412537574768,0.03980099409818649,,0.5208333134651184,0.05472636967897415,,0.5183531641960144
431,0.014925372786819935,,0.526289701461792,0.019900497049093246,,0.5183531641960144,0.014925372786819935,,0.5257936716079712
432,0.019900497049093246,,0.5233134627342224,0.03482586890459061,,0.5223214030265808,0.024875622242689133,,0.5198412537574768
433,0.014925372786819935,,0.5302579402923584,0.03482586890459061,,0.5203372836112976,0.014925372786819935,,0.52182537317276
434,0.024875622242689133,,0.5252976417541504,0.019900497049093246,,0.5178571343421936,0.02985074557363987,,0.5228174328804016
435,0.004975124262273312,,0.5277777910232544,0.02985074557363987,,0.5233134627342224,0.004975124262273312,,0.5243055820465088
436,0.03482586890459061,,0.5243055820465088,0.049751244485378265,,0.52182537317276,0.02985074557363987,,0.5233134627342224
437,0.014925372786819935,,0.5292658805847168,0.009950248524546623,,0.5282738208770752,0.024875622242689133,,0.5267857313156128
438,0.024875622242689133,,0.52182537317276,0.009950248524546623,,0.5252976417541504,0.024875622242689133,,0.5223214030265808
439,0.024875622242689133,,0.5233134627342224,0.014925372786819935,,0.5223214030265808,0.02985074557363987,,0.5223214030265808
440,0.03482586890459061,,0.5223214030265808,0.0746268630027771,,0.5208333134651184,0.03980099409818649,,0.5183531641960144
441,0.02985074557363987,,0.526289701461792,0.05472636967897415,,0.5233134627342224,0.03482586890459061,,0.5233134627342224
442,0.02985074557363987,,0.5243055820465088,0.03980099409818649,,0.5243055820465088,0.02985074557363987,,0.5257936716079712
443,0.03482586890459061,,0.5277777910232544,0.03980099409818649,,0.5272817611694336,0.03482586890459061,,0.5267857313156128
444,0.019900497049093246,,0.5252976417541504,0.03980099409818649,,0.5257936716079712,0.024875622242689133,,0.5233134627342224
445,0.04477611929178238,,0.5282738208770752,0.03482586890459061,,0.5267857313156128,0.03980099409818649,,0.5257936716079712
446,0.019900497049093246,,0.5252976417541504,0.03980099409818649,,0.5208333134651184,0.02985074557363987,,0.5252976417541504
447,0.02985074557363987,,0.5332341194152832,0.03482586890459061,,0.5198412537574768,0.03482586890459061,,0.5297619104385376
448,0.02985074557363987,,0.5252976417541504,0.049751244485378265,,0.5203372836112976,0.02985074557363987,,0.526289701461792
449,0.004975124262273312,,0.5307539701461792,0.02985074557363987,,0.5267857313156128,0.004975124262273312,,0.5292658805847168
450,0.024875622242689133,,0.5252976417541504,0.019900497049093246,,0.53125,0.024875622242689133,,0.5257936716079712
451,0.03980099409818649,,0.5292658805847168,0.02985074557363987,,0.5292658805847168,0.03980099409818649,,0.526289701461792
452,0.019900497049093246,,0.5257936716079712,0.03980099409818649,,0.5272817611694336,0.024875622242689133,,0.5267857313156128
453,0.04477611929178238,,0.5233134627342224,0.02985074557363987,,0.5322420597076416,0.04477611929178238,,0.5233134627342224
454,0.009950248524546623,,0.5233134627342224,0.024875622242689133,,0.5277777910232544,0.014925372786819935,,0.5223214030265808
455,0.024875622242689133,,0.5297619104385376,0.07960198819637299,,0.5307539701461792,0.024875622242689133,,0.5257936716079712
456,0.05472636967897415,,0.5243055820465088,0.05970149114727974,,0.516865074634552,0.06467662006616592,,0.523809552192688
457,0.02985074557363987,,0.5282738208770752,0.03482586890459061,,0.5223214030265808,0.02985074557363987,,0.5302579402923584
458,0.024875622242689133,,0.5252976417541504,0.06965173780918121,,0.5243055820465088,0.024875622242689133,,0.5228174328804016
459,0.019900497049093246,,0.526289701461792,0.019900497049093246,,0.5248016119003296,0.024875622242689133,,0.5282738208770752
460,0.019900497049093246,,0.5257936716079712,0.03482586890459061,,0.5198412537574768,0.02985074557363987,,0.5203372836112976
461,0.019900497049093246,,0.53125,0.04477611929178238,,0.526289701461792,0.024875622242689133,,0.528769850730896
462,0.04477611929178238,,0.5322420597076416,0.06965173780918121,,0.5252976417541504,0.03980099409818649,,0.5302579402923584
463,0.06965173780918121,,0.5302579402923584,0.049751244485378265,,0.5302579402923584,0.06965173780918121,,0.5302579402923584
464,0.03482586890459061,,0.5272817611694336,0.05472636967897415,,0.5267857313156128,0.03482586890459061,,0.5248016119003296
465,0.019900497049093246,,0.5257936716079712,0.05472636967897415,,0.5257936716079712,0.019900497049093246,,0.5292658805847168
466,0.03980099409818649,,0.5307539701461792,0.04477611929178238,,0.5223214030265808,0.03482586890459061,,0.5292658805847168
467,0.014925372786819935,,0.5297619104385376,0.019900497049093246,,0.5282738208770752,0.014925372786819935,,0.526289701461792
468,0.014925372786819935,,0.5282738208770752,0.04477611929178238,,0.5267857313156128,0.024875622242689133,,0.5257936716079712
469,0.024875622242689133,,0.5302579402923584,0.03482586890459061,,0.5297619104385376,0.02985074557363987,,0.5252976417541504
470,0.03482586890459061,,0.5252976417541504,0.014925372786819935,,0.5292658805847168,0.03482586890459061,,0.5252976417541504
471,0.03482586890459061,,0.5277777910232544,0.019900497049093246,,0.53125,0.03482586890459061,,0.526289701461792
472,0.024875622242689133,,0.526289701461792,0.03980099409818649,,0.5257936716079712,0.024875622242689133,,0.526289701461792
473,0.03980099409818649,,0.5307539701461792,0.06467662006616592,,0.5233134627342224,0.04477611929178238,,0.5292658805847168
474,0.07960198819637299,,0.5257936716079712,0.03482586890459061,,0.5248016119003296,0.0746268630027771,,0.5267857313156128
475,0.014925372786819935,,0.5282738208770752,0.04477611929178238,,0.5292658805847168,0.019900497049093246,,0.5272817611694336
476,0.024875622242689133,,0.5233134627342224,0.03980099409818649,,0.5292658805847168,0.024875622242689133,,0.523809552192688
477,0.03980099409818649,,0.5307539701461792,0.019900497049093246,,0.5297619104385376,0.03482586890459061,,0.5292658805847168
478,0.019900497049093246,,0.5297619104385376,0.024875622242689133,,0.5327380895614624,0.019900497049093246,,0.5272817611694336
479,0.019900497049093246,,0.5302579402923584,0.03482586890459061,,0.5357142686843872,0.024875622242689133,,0.53125
480,0.019900497049093246,,0.5277777910232544,0.024875622242689133,,0.5257936716079712,0.024875622242689133,,0.5277777910232544
481,0.02985074557363987,,0.526289701461792,0.024875622242689133,,0.5322420597076416,0.03980099409818649,,0.528769850730896
482,0.03482586890459061,,0.526289701461792,0.024875622242689133,,0.5297619104385376,0.03482586890459061,,0.5277777910232544
483,0.02985074557363987,,0.526289701461792,0.024875622242689133,,0.5332341194152832,0.02985074557363987,,0.5243055820465088
484,0.03980099409818649,,0.526289701461792,0.014925372786819935,,0.5243055820465088,0.04477611929178238,,0.526289701461792
485,0.014925372786819935,,0.5257936716079712,0.02985074557363987,,0.5277777910232544,0.019900497049093246,,0.528769850730896
486,0.004975124262273312,,0.5272817611694336,0.024875622242689133,,0.5272817611694336,0.019900497049093246,,0.523809552192688
487,0.02985074557363987,,0.5272817611694336,0.014925372786819935,,0.5327380895614624,0.024875622242689133,,0.5257936716079712
488,0.024875622242689133,,0.5272817611694336,0.04477611929178238,,0.5272817611694336,0.02985074557363987,,0.528769850730896
489,0.03482586890459061,,0.528769850730896,0.03482586890459061,,0.53125,0.04477611929178238,,0.5297619104385376
490,0.03482586890459061,,0.5322420597076416,0.009950248524546623,,0.5282738208770752,0.03482586890459061,,0.5282738208770752
491,0.024875622242689133,,0.5302579402923584,0.019900497049093246,,0.5372023582458496,0.02985074557363987,,0.5302579402923584
492,0.02985074557363987,,0.53125,0.03482586890459061,,0.5277777910232544,0.03980099409818649,,0.5257936716079712
493,0.05970149114727974,,0.5277777910232544,0.014925372786819935,,0.528769850730896,0.05970149114727974,,0.526289701461792
494,0.05472636967897415,,0.5257936716079712,0.049751244485378265,,0.5257936716079712,0.05970149114727974,,0.523809552192688
495,0.014925372786819935,,0.5332341194152832,0.014925372786819935,,0.5342261791229248,0.019900497049093246,,0.5307539701461792
496,0.0,,0.5322420597076416,0.049751244485378265,,0.5267857313156128,0.0,,0.528769850730896
497,0.03482586890459061,,0.5307539701461792,0.03980099409818649,,0.533730149269104,0.03482586890459061,,0.5277777910232544
498,0.014925372786819935,,0.5322420597076416,0.024875622242689133,,0.5352182388305664,0.014925372786819935,,0.5292658805847168
499,0.024875622242689133,,0.5347222089767456,0.03980099409818649,,0.5327380895614624,0.019900497049093246,,0.5307539701461792
500,0.03482586890459061,,0.5267857313156128,0.05472636967897415,,0.5302579402923584,0.03482586890459061,,0.5292658805847168
