Round,e3_cifar_resnet18_long_STRIPES_lrlow10_evaluation/test_accuracy,e3_cifar_resnet18_long_STRIPES_lrlow10_evaluation/adv_success,e3_cifar_resnet18_long_WALL_lrlow10_evaluation/test_accuracy,e3_cifar_resnet18_long_WALL_lrlow10_evaluation/adv_success,e3_cifar_resnet18_long_WALL_lrlow_evaluation/test_accuracy,e3_cifar_resnet18_long_WALL_lrlow_evaluation/adv_success,e3_cifar_resnet18_long_STRIPES_lrlow100_evaluation/test_accuracy,e3_cifar_resnet18_long_STRIPES_lrlow100_evaluation/adv_success,e3_cifar_resnet18_long_GREEN_lrlow10_evaluation/test_accuracy,e3_cifar_resnet18_long_GREEN_lrlow10_evaluation/adv_success,e3_cifar_resnet18_long_GREEN_lrlow100_evaluation/test_accuracy,e3_cifar_resnet18_long_GREEN_lrlow100_evaluation/adv_success
1,0.8833598494529724,0.0,0.8832603693008423,0.0,0.8832603693008423,0.0,0.8832603693008423,0.0,0.8835589289665222,0.0,0.8832603693008423,0.0
2,0.8833598494529724,0.0,0.8835589289665222,0.0,0.8835589289665222,0.0,0.8834593892097473,0.0,0.883957028388977,0.0,0.8834593892097473,0.0
3,0.8840565085411072,0.0,0.8840565085411072,0.0,0.8837579488754272,0.0,0.8838574886322021,0.0,0.884255588054657,0.0,0.8838574886322021,0.0
4,0.8848527073860168,0.0,0.8854498267173767,0.0,0.8838574886322021,0.0,0.8836584687232971,0.0,0.8851512670516968,0.0,0.8838574886322021,0.0
5,0.8017516136169434,0.9984375238418579,0.8352906107902527,1.0,0.8359872698783875,1.0,0.8055334687232971,1.0,0.7612460255622864,0.996874988079071,0.7580612897872925,0.996874988079071
6,0.8426552414894104,0.9546874761581421,0.862460196018219,0.9984375238418579,0.8407643437385559,1.0,0.8113057613372803,1.0,0.8101114630699158,0.9473958611488342,0.7660230994224548,0.987500011920929
7,0.8589769005775452,0.4296875,0.8671377301216125,0.9770833253860474,0.8455414175987244,1.0,0.8190684914588928,1.0,0.8536027073860168,0.3947916626930237,0.7733877301216125,0.9906250238418579
8,0.8613654375076294,0.234375,0.8698248267173767,0.7854166626930237,0.8541003465652466,0.9984375238418579,0.8282245397567749,1.0,0.8707205653190613,0.13177083432674408,0.7821456789970398,0.9828125238418579
9,0.8630573153495789,0.09739582985639572,0.8700239062309265,0.5562499761581421,0.8572850227355957,0.995312511920929,0.8417595624923706,0.9864583611488342,0.8770899772644043,0.04010416567325592,0.7923964858055115,0.973437488079071
10,0.8604697585105896,0.04479166492819786,0.8693272471427917,0.3505208194255829,0.8605692386627197,0.9984375238418579,0.8520103693008423,0.9281250238418579,0.8786823153495789,0.0031250000465661287,0.8078224658966064,0.932812511920929
11,0.859175980091095,0.01875000074505806,0.8666401505470276,0.24114583432674408,0.862261176109314,0.9921875,0.8577826619148254,0.7682291865348816,0.8779856562614441,0.0,0.8197651505470276,0.8453124761581421
12,0.8553941249847412,0.02291666716337204,0.8631568551063538,0.11927083134651184,0.8654458522796631,0.9984375238418579,0.8610668778419495,0.5874999761581421,0.8805732727050781,0.0,0.8334991931915283,0.6916666626930237
13,0.8559912443161011,0.010416666977107525,0.8632563948631287,0.0494791679084301,0.8668391704559326,0.9984375238418579,0.8642516136169434,0.5005208253860474,0.8804737329483032,0.0,0.8450437784194946,0.5473958253860474
14,0.8549960255622864,0.01354166679084301,0.8621616363525391,0.00937500037252903,0.8684315085411072,0.996874988079071,0.8653463125228882,0.4322916567325592,0.8777866363525391,0.0,0.8549960255622864,0.3473958373069763
15,0.8561902642250061,0.004687500186264515,0.8618630766868591,0.0062500000931322575,0.8694267272949219,0.9880208373069763,0.8656449317932129,0.3984375,0.8786823153495789,0.0,0.8610668778419495,0.2567708194255829
16,0.8572850227355957,0.004687500186264515,0.8621616363525391,0.0015625000232830644,0.8701233863830566,0.984375,0.865744411945343,0.3776041567325592,0.878582775592804,0.0,0.866042971611023,0.23333333432674408
17,0.8584793210029602,0.0031250000465661287,0.8630573153495789,0.0,0.8707205653190613,0.987500011920929,0.8658439517021179,0.3244791626930237,0.8788813948631287,0.0,0.868630588054657,0.18385416269302368
18,0.8565883636474609,0.004687500186264515,0.8642516136169434,0.0,0.8703224658966064,0.9692708253860474,0.8667396306991577,0.3135416805744171,0.8802746534347534,0.0,0.8703224658966064,0.1197916641831398
19,0.8584793210029602,0.0015625000232830644,0.8640525341033936,0.0,0.8710191249847412,0.9755208492279053,0.8668391704559326,0.2927083373069763,0.8808718323707581,0.0,0.8715167045593262,0.10625000298023224
20,0.862460196018219,0.0031250000465661287,0.8642516136169434,0.0,0.8709195852279663,0.9359375238418579,0.8674362897872925,0.2723958194255829,0.8803741931915283,0.0,0.8730095624923706,0.07239583134651184
21,0.8654458522796631,0.0,0.8648487329483032,0.0,0.8718152642250061,0.9447916746139526,0.8681329488754272,0.28854167461395264,0.8800756335258484,0.0,0.8739052414894104,0.05572916567325592
22,0.8663415312767029,0.0072916666977107525,0.8658439517021179,0.0,0.8729100227355957,0.9177083373069763,0.8687300682067871,0.2838541567325592,0.8828622698783875,0.0,0.8750995397567749,0.05416666716337204
23,0.8684315085411072,0.004687500186264515,0.8669387102127075,0.0,0.8736066818237305,0.9192708134651184,0.8690286874771118,0.2723958194255829,0.8831608295440674,0.0,0.8750995397567749,0.01875000074505806
24,0.8690286874771118,0.0031250000465661287,0.8665406107902527,0.0,0.8737062215805054,0.887499988079071,0.8698248267173767,0.2744791805744171,0.883957028388977,0.0,0.875199019908905,0.03802083432674408
25,0.8696258068084717,0.00572916679084301,0.8697253465652466,0.0,0.8739052414894104,0.8760416507720947,0.8704219460487366,0.25,0.8837579488754272,0.0,0.8760947585105896,0.02187499962747097
26,0.8682324886322021,0.0015625000232830644,0.8718152642250061,0.0,0.8752985596656799,0.8223958611488342,0.8706210255622864,0.26770833134651184,0.8828622698783875,0.0,0.8767914175987244,0.02135416679084301
27,0.8691281676292419,0.0015625000232830644,0.8705214858055115,0.0,0.875199019908905,0.7994791865348816,0.8708200454711914,0.2682291567325592,0.8830612897872925,0.0,0.8771895170211792,0.02500000037252903
28,0.8691281676292419,0.010416666977107525,0.8722133636474609,0.0,0.8749004602432251,0.8046875,0.8710191249847412,0.27916666865348816,0.8840565085411072,0.0,0.8777866363525391,0.01875000074505806
29,0.8692277073860168,0.0015625000232830644,0.8737062215805054,0.0,0.8755971193313599,0.8203125,0.8716162443161011,0.27135416865348816,0.8834593892097473,0.0,0.8788813948631287,0.01197916641831398
30,0.8691281676292419,0.0031250000465661287,0.8735071420669556,0.0,0.8758956789970398,0.7817708253860474,0.871715784072876,0.2723958194255829,0.8847531676292419,0.0,0.8797770738601685,0.004687500186264515
31,0.8701233863830566,0.0,0.8741043210029602,0.0,0.8761942386627197,0.7203124761581421,0.8724124431610107,0.2864583432674408,0.8850517272949219,0.0,0.8803741931915283,0.004687500186264515
32,0.8713176846504211,0.0031250000465661287,0.8738057613372803,0.0,0.8764928579330444,0.7317708134651184,0.8726114630699158,0.2802083194255829,0.884454607963562,0.0,0.8799760937690735,0.0015625000232830644
33,0.871914803981781,0.0031250000465661287,0.875,0.0,0.8765923380851746,0.7307291626930237,0.8733081221580505,0.2802083194255829,0.8819665312767029,0.0,0.8804737329483032,0.01354166679084301
34,0.8718152642250061,0.0,0.8759952187538147,0.0,0.8769904375076294,0.737500011920929,0.8740047812461853,0.29114583134651184,0.8815684914588928,0.0,0.8807722926139832,0.004166666883975267
35,0.8704219460487366,0.0031250000465661287,0.8775875568389893,0.0,0.8769904375076294,0.6979166865348816,0.8740047812461853,0.2786458432674408,0.8819665312767029,0.0,0.8815684914588928,0.0
36,0.871715784072876,0.0,0.8773885369300842,0.0,0.8771895170211792,0.6895833611488342,0.8744028806686401,0.29635417461395264,0.8829618096351624,0.0,0.881667971611023,0.004687500186264515
37,0.8742038011550903,0.0015625000232830644,0.8776870965957642,0.0,0.8774880766868591,0.6614583134651184,0.8747014403343201,0.2697916626930237,0.883957028388977,0.0,0.8818670511245728,0.0015625000232830644
38,0.8733081221580505,0.004687500186264515,0.8771895170211792,0.0,0.8777866363525391,0.6713541746139526,0.875,0.2880208194255829,0.8843550682067871,0.0,0.8825637102127075,0.0015625000232830644
39,0.8764928579330444,0.0015625000232830644,0.8766918778419495,0.0,0.878284215927124,0.6348958611488342,0.875199019908905,0.2786458432674408,0.8852508068084717,0.0,0.8829618096351624,0.0031250000465661287
40,0.8754976391792297,0.0015625000232830644,0.8770899772644043,0.0,0.8786823153495789,0.6208333373069763,0.875,0.2723958194255829,0.8817675113677979,0.0,0.8832603693008423,0.0
41,0.8761942386627197,0.0015625000232830644,0.8772889971733093,0.0,0.8789808750152588,0.6333333253860474,0.8753980994224548,0.27656251192092896,0.8825637102127075,0.0,0.8833598494529724,0.0
42,0.8772889971733093,0.0062500000931322575,0.878284215927124,0.0,0.8796775341033936,0.6328125,0.8757961988449097,0.26875001192092896,0.8850517272949219,0.0,0.8831608295440674,0.0
43,0.8769904375076294,0.004687500186264515,0.8804737329483032,0.0,0.8802746534347534,0.6395833492279053,0.8769904375076294,0.2838541567325592,0.8851512670516968,0.0,0.8831608295440674,0.004687500186264515
44,0.8765923380851746,0.0015625000232830644,0.877886176109314,0.0,0.8803741931915283,0.5880208611488342,0.8764928579330444,0.26875001192092896,0.8857483863830566,0.0,0.8829618096351624,0.0015625000232830644
45,0.8769904375076294,0.004687500186264515,0.8807722926139832,0.0,0.8808718323707581,0.5911458134651184,0.8765923380851746,0.2916666567325592,0.8849522471427917,0.0,0.8832603693008423,0.0
46,0.8775875568389893,0.0,0.878085196018219,0.0,0.8805732727050781,0.5755208134651184,0.8765923380851746,0.2770833373069763,0.8858479261398315,0.0,0.8837579488754272,0.0
47,0.8789808750152588,0.0015625000232830644,0.8802746534347534,0.0,0.8805732727050781,0.581250011920929,0.8764928579330444,0.2744791805744171,0.887042224407196,0.0,0.8837579488754272,0.0
48,0.878582775592804,0.0031250000465661287,0.8804737329483032,0.0,0.8812699317932129,0.5687500238418579,0.8763933181762695,0.29114583134651184,0.8857483863830566,0.0,0.8838574886322021,0.0
49,0.877886176109314,0.0015625000232830644,0.8807722926139832,0.0,0.8814689517021179,0.5729166865348816,0.8764928579330444,0.2854166626930237,0.8863455653190613,0.0,0.8841560482978821,0.0
50,0.8774880766868591,0.004687500186264515,0.8805732727050781,0.0,0.8808718323707581,0.5395833253860474,0.8761942386627197,0.29479166865348816,0.8864450454711914,0.0,0.8840565085411072,0.0
51,0.8771895170211792,0.0015625000232830644,0.8809713125228882,0.0,0.881667971611023,0.5484374761581421,0.8764928579330444,0.27812498807907104,0.8864450454711914,0.0,0.883957028388977,0.0
52,0.8788813948631287,0.0015625000232830644,0.8822651505470276,0.0,0.8820660710334778,0.510937511920929,0.8765923380851746,0.28593748807907104,0.8862460255622864,0.0,0.8837579488754272,0.0
53,0.8786823153495789,0.0062500000931322575,0.8824641704559326,0.0,0.8827627301216125,0.5463541746139526,0.8765923380851746,0.2838541567325592,0.8853503465652466,0.0,0.8836584687232971,0.0
54,0.8808718323707581,0.0031250000465661287,0.8820660710334778,0.0,0.8824641704559326,0.5463541746139526,0.8764928579330444,0.28125,0.8861464858055115,0.0,0.8843550682067871,0.0
55,0.8810708522796631,0.00937500037252903,0.8801751732826233,0.0,0.8827627301216125,0.5604166388511658,0.8769904375076294,0.2979166805744171,0.8849522471427917,0.0,0.883957028388977,0.0
56,0.8804737329483032,0.01406249962747097,0.8792794346809387,0.0,0.8826631903648376,0.5625,0.8774880766868591,0.2984375059604645,0.8828622698783875,0.0,0.883957028388977,0.0
57,0.8820660710334778,0.010937499813735485,0.8794785141944885,0.0,0.8825637102127075,0.5114583373069763,0.8777866363525391,0.3036458194255829,0.8814689517021179,0.0,0.8836584687232971,0.0
58,0.8822651505470276,0.00937500037252903,0.8775875568389893,0.0,0.8829618096351624,0.5494791865348816,0.8781847357749939,0.29739582538604736,0.8809713125228882,0.0,0.8841560482978821,0.0
59,0.8827627301216125,0.0,0.8774880766868591,0.0,0.8823646306991577,0.5249999761581421,0.8783837556838989,0.2958333194255829,0.8818670511245728,0.0,0.8840565085411072,0.0
60,0.8843550682067871,0.01406249962747097,0.8774880766868591,0.0,0.8828622698783875,0.5166666507720947,0.878284215927124,0.2906250059604645,0.8826631903648376,0.0,0.884255588054657,0.0
61,0.8840565085411072,0.01197916641831398,0.8789808750152588,0.0,0.8830612897872925,0.4963541626930237,0.878582775592804,0.30000001192092896,0.8836584687232971,0.0,0.8846536874771118,0.0
62,0.8841560482978821,0.0015625000232830644,0.8807722926139832,0.0,0.8832603693008423,0.484375,0.8784832954406738,0.3072916567325592,0.884255588054657,0.0,0.8846536874771118,0.0
63,0.8824641704559326,0.0,0.8818670511245728,0.0,0.8831608295440674,0.48489582538604736,0.8786823153495789,0.3046875,0.8825637102127075,0.0,0.8846536874771118,0.0
64,0.8833598494529724,0.0,0.8823646306991577,0.0,0.8832603693008423,0.4817708432674408,0.8786823153495789,0.2994791567325592,0.8815684914588928,0.0,0.8853503465652466,0.0
65,0.8821656107902527,0.004687500186264515,0.8838574886322021,0.0,0.8835589289665222,0.484375,0.878582775592804,0.3010416626930237,0.8810708522796631,0.0,0.8855493664741516,0.0
66,0.8814689517021179,0.0015625000232830644,0.8835589289665222,0.0,0.8838574886322021,0.453125,0.8788813948631287,0.3005208373069763,0.8824641704559326,0.0,0.8851512670516968,0.0
67,0.8829618096351624,0.0,0.8831608295440674,0.0,0.883957028388977,0.44843751192092896,0.8790804147720337,0.2927083373069763,0.8814689517021179,0.0,0.8855493664741516,0.0
68,0.8838574886322021,0.004687500186264515,0.883957028388977,0.0,0.8841560482978821,0.4140625,0.8790804147720337,0.3114583194255829,0.8837579488754272,0.0,0.8851512670516968,0.0
69,0.8837579488754272,0.0062500000931322575,0.8846536874771118,0.0,0.884454607963562,0.43541666865348816,0.8789808750152588,0.3010416626930237,0.8833598494529724,0.0,0.8857483863830566,0.0
70,0.8845541477203369,0.0072916666977107525,0.8849522471427917,0.0,0.884454607963562,0.41979166865348816,0.8793789744377136,0.30677083134651184,0.8845541477203369,0.0,0.8853503465652466,0.0
71,0.8829618096351624,0.0015625000232830644,0.8850517272949219,0.0,0.8850517272949219,0.4052083194255829,0.8797770738601685,0.2994791567325592,0.8843550682067871,0.0,0.8853503465652466,0.0
72,0.8829618096351624,0.004687500186264515,0.8834593892097473,0.0,0.8846536874771118,0.4140625,0.8800756335258484,0.30000001192092896,0.8846536874771118,0.0,0.8858479261398315,0.0
73,0.8846536874771118,0.0031250000465661287,0.8851512670516968,0.0,0.8846536874771118,0.42395833134651184,0.8800756335258484,0.30677083134651184,0.8847531676292419,0.0,0.8858479261398315,0.0
74,0.8837579488754272,0.0031250000465661287,0.8855493664741516,0.0,0.8849522471427917,0.3869791626930237,0.8797770738601685,0.3088541626930237,0.884454607963562,0.0,0.8859474658966064,0.0
75,0.8849522471427917,0.0015625000232830644,0.8859474658966064,0.0,0.8847531676292419,0.40052083134651184,0.8801751732826233,0.3083333373069763,0.8848527073860168,0.0,0.8861464858055115,0.0
76,0.884255588054657,0.0062500000931322575,0.8824641704559326,0.0,0.8845541477203369,0.3723958432674408,0.8798766136169434,0.28958332538604736,0.8859474658966064,0.0,0.8863455653190613,0.0
77,0.8843550682067871,0.0015625000232830644,0.8835589289665222,0.0,0.8845541477203369,0.3854166567325592,0.8808718323707581,0.30677083134651184,0.8856489062309265,0.0,0.8860469460487366,0.0
78,0.884255588054657,0.0,0.8829618096351624,0.0,0.8847531676292419,0.3479166626930237,0.8805732727050781,0.3057291805744171,0.8857483863830566,0.0,0.8857483863830566,0.0
79,0.884255588054657,0.0015625000232830644,0.8822651505470276,0.0,0.8848527073860168,0.3760416805744171,0.8805732727050781,0.3072916567325592,0.8858479261398315,0.0,0.8856489062309265,0.0
80,0.8833598494529724,0.0062500000931322575,0.8832603693008423,0.0,0.8853503465652466,0.35885417461395264,0.8801751732826233,0.2984375059604645,0.8859474658966064,0.0,0.8856489062309265,0.0
81,0.8846536874771118,0.014583333395421505,0.883957028388977,0.0,0.8851512670516968,0.35364583134651184,0.8799760937690735,0.3161458373069763,0.8855493664741516,0.0,0.8856489062309265,0.0
82,0.8837579488754272,0.004687500186264515,0.8846536874771118,0.0,0.8857483863830566,0.3541666567325592,0.8801751732826233,0.3010416626930237,0.8861464858055115,0.0,0.8857483863830566,0.0
83,0.8850517272949219,0.004687500186264515,0.8854498267173767,0.0,0.8854498267173767,0.34322917461395264,0.8802746534347534,0.30520832538604736,0.8863455653190613,0.0,0.8857483863830566,0.0
84,0.8849522471427917,0.004687500186264515,0.8850517272949219,0.0,0.8853503465652466,0.3395833373069763,0.8798766136169434,0.30156248807907104,0.8852508068084717,0.0,0.8856489062309265,0.0
85,0.8851512670516968,0.0031250000465661287,0.8847531676292419,0.0,0.8855493664741516,0.32499998807907104,0.8800756335258484,0.3072916567325592,0.8853503465652466,0.0,0.8855493664741516,0.0
86,0.8852508068084717,0.0078125,0.8869426846504211,0.0,0.8850517272949219,0.3401041626930237,0.8800756335258484,0.3072916567325592,0.8848527073860168,0.0,0.8853503465652466,0.0
87,0.8858479261398315,0.0031250000465661287,0.8858479261398315,0.0,0.8845541477203369,0.3401041626930237,0.8805732727050781,0.3098958432674408,0.8849522471427917,0.0,0.8856489062309265,0.0
88,0.8854498267173767,0.00937500037252903,0.8859474658966064,0.0,0.8852508068084717,0.3296875059604645,0.8802746534347534,0.29895833134651184,0.8845541477203369,0.0,0.8858479261398315,0.0
89,0.8854498267173767,0.01197916641831398,0.8862460255622864,0.0,0.8847531676292419,0.29895833134651184,0.8799760937690735,0.31041666865348816,0.8852508068084717,0.0,0.8856489062309265,0.0
90,0.8865445852279663,0.01406249962747097,0.8869426846504211,0.0,0.8850517272949219,0.3255208432674408,0.8800756335258484,0.30260416865348816,0.8865445852279663,0.0,0.8856489062309265,0.0
91,0.8862460255622864,0.0062500000931322575,0.887340784072876,0.0,0.8847531676292419,0.3140625059604645,0.8799760937690735,0.3062500059604645,0.8871417045593262,0.0,0.8860469460487366,0.0
92,0.8868431448936462,0.004687500186264515,0.8869426846504211,0.0,0.8853503465652466,0.2890625,0.8804737329483032,0.3088541626930237,0.8861464858055115,0.0,0.8864450454711914,0.0
93,0.8864450454711914,0.004687500186264515,0.8876393437385559,0.0,0.8852508068084717,0.3062500059604645,0.8804737329483032,0.3072916567325592,0.8864450454711914,0.0,0.8865445852279663,0.0
94,0.8871417045593262,0.004687500186264515,0.8887341022491455,0.0,0.8855493664741516,0.3072916567325592,0.8806727528572083,0.31458333134651184,0.8881369233131409,0.0,0.8866441249847412,0.0
95,0.8865445852279663,0.0062500000931322575,0.887340784072876,0.0,0.8853503465652466,0.30781251192092896,0.8807722926139832,0.3083333373069763,0.8888335824012756,0.0,0.8865445852279663,0.0
96,0.887042224407196,0.0015625000232830644,0.8869426846504211,0.0,0.8855493664741516,0.3057291805744171,0.8805732727050781,0.2984375059604645,0.8856489062309265,0.0,0.8863455653190613,0.0
97,0.8864450454711914,0.004687500186264515,0.887340784072876,0.0,0.8854498267173767,0.2828125059604645,0.8807722926139832,0.2984375059604645,0.8858479261398315,0.0,0.8860469460487366,0.0
98,0.8864450454711914,0.0031250000465661287,0.8874402642250061,0.0,0.8857483863830566,0.27916666865348816,0.881170392036438,0.31458333134651184,0.8852508068084717,0.0,0.8859474658966064,0.0
99,0.8862460255622864,0.004687500186264515,0.8862460255622864,0.0,0.8852508068084717,0.2578125,0.881667971611023,0.30156248807907104,0.8858479261398315,0.0,0.8860469460487366,0.0
100,0.8863455653190613,0.004687500186264515,0.8861464858055115,0.0,0.8853503465652466,0.2750000059604645,0.8812699317932129,0.3135416805744171,0.8853503465652466,0.0,0.8861464858055115,0.0
101,0.8858479261398315,0.008854166604578495,0.8850517272949219,0.0,0.8849522471427917,0.2786458432674408,0.8814689517021179,0.29479166865348816,0.8852508068084717,0.0,0.8862460255622864,0.0
102,0.8858479261398315,0.004687500186264515,0.8853503465652466,0.0,0.8851512670516968,0.2578125,0.8809713125228882,0.30677083134651184,0.8849522471427917,0.0,0.8861464858055115,0.0
103,0.8859474658966064,0.015625,0.8861464858055115,0.0,0.8852508068084717,0.25572916865348816,0.8803741931915283,0.3036458194255829,0.8835589289665222,0.0,0.8858479261398315,0.0
104,0.8866441249847412,0.0,0.8866441249847412,0.0,0.8851512670516968,0.2723958194255829,0.8803741931915283,0.28437501192092896,0.8864450454711914,0.0,0.8857483863830566,0.0
105,0.8860469460487366,0.015625,0.8853503465652466,0.0,0.8853503465652466,0.24427083134651184,0.8804737329483032,0.3057291805744171,0.8869426846504211,0.0,0.8858479261398315,0.0
106,0.8863455653190613,0.004687500186264515,0.8852508068084717,0.0,0.8852508068084717,0.2630208432674408,0.8805732727050781,0.3098958432674408,0.8863455653190613,0.0,0.8855493664741516,0.0
107,0.8871417045593262,0.0015625000232830644,0.8848527073860168,0.0,0.8856489062309265,0.2161458283662796,0.8807722926139832,0.3083333373069763,0.887539803981781,0.0,0.8856489062309265,0.0
108,0.8864450454711914,0.0078125,0.8851512670516968,0.0,0.8855493664741516,0.26093751192092896,0.8807722926139832,0.28697916865348816,0.8872412443161011,0.0,0.8858479261398315,0.0
109,0.8858479261398315,0.0031250000465661287,0.8856489062309265,0.0,0.8855493664741516,0.23020833730697632,0.8807722926139832,0.3057291805744171,0.8866441249847412,0.0,0.8862460255622864,0.0
110,0.8846536874771118,0.008854166604578495,0.8856489062309265,0.0,0.8858479261398315,0.24583333730697632,0.8812699317932129,0.3005208373069763,0.8865445852279663,0.0,0.8857483863830566,0.0
111,0.8831608295440674,0.0031250000465661287,0.8850517272949219,0.0,0.8856489062309265,0.21510416269302368,0.8808718323707581,0.29114583134651184,0.8865445852279663,0.0,0.8855493664741516,0.0
112,0.8835589289665222,0.0015625000232830644,0.8856489062309265,0.0,0.8855493664741516,0.2265625,0.8814689517021179,0.2979166805744171,0.8862460255622864,0.0,0.8861464858055115,0.0
113,0.8847531676292419,0.004687500186264515,0.8865445852279663,0.0,0.8854498267173767,0.20364584028720856,0.8814689517021179,0.30677083134651184,0.8865445852279663,0.0,0.8862460255622864,0.0
114,0.8849522471427917,0.004687500186264515,0.8855493664741516,0.0,0.8854498267173767,0.23906250298023224,0.8812699317932129,0.30000001192092896,0.8865445852279663,0.0,0.8864450454711914,0.0
115,0.887539803981781,0.0031250000465661287,0.8879379034042358,0.0,0.8852508068084717,0.23593750596046448,0.8814689517021179,0.29739582538604736,0.887340784072876,0.0,0.8862460255622864,0.0
116,0.887539803981781,0.0015625000232830644,0.887738823890686,0.0,0.8853503465652466,0.21979166567325592,0.8810708522796631,0.29895833134651184,0.8881369233131409,0.0,0.8860469460487366,0.0
117,0.8862460255622864,0.0031250000465661287,0.8883360028266907,0.0,0.8849522471427917,0.2083333283662796,0.8814689517021179,0.2942708432674408,0.8876393437385559,0.0,0.8852508068084717,0.0
118,0.8859474658966064,0.0015625000232830644,0.887738823890686,0.0,0.8848527073860168,0.20260415971279144,0.8814689517021179,0.3010416626930237,0.8868431448936462,0.0,0.8854498267173767,0.0
119,0.8880374431610107,0.0072916666977107525,0.8893312215805054,0.0,0.8849522471427917,0.21770833432674408,0.8814689517021179,0.29479166865348816,0.8864450454711914,0.0,0.8856489062309265,0.0
120,0.8878383636474609,0.01197916641831398,0.8890326619148254,0.0,0.8845541477203369,0.18906250596046448,0.8817675113677979,0.3020833432674408,0.8880374431610107,0.0,0.8857483863830566,0.0
121,0.887340784072876,0.0078125,0.8872412443161011,0.0,0.884255588054657,0.22239583730697632,0.8818670511245728,0.2942708432674408,0.8872412443161011,0.0,0.8859474658966064,0.0
122,0.8849522471427917,0.0015625000232830644,0.8885350227355957,0.0,0.8843550682067871,0.1979166716337204,0.8826631903648376,0.2958333194255829,0.8879379034042358,0.0,0.8860469460487366,0.0
123,0.8852508068084717,0.0031250000465661287,0.8867436051368713,0.0,0.884255588054657,0.1796875,0.8823646306991577,0.2838541567325592,0.8871417045593262,0.0,0.8857483863830566,0.0
124,0.884255588054657,0.0031250000465661287,0.8881369233131409,0.0,0.8841560482978821,0.19062499701976776,0.8821656107902527,0.29479166865348816,0.8872412443161011,0.0,0.8860469460487366,0.0
125,0.8855493664741516,0.0031250000465661287,0.887340784072876,0.0,0.884454607963562,0.20468750596046448,0.8822651505470276,0.2890625,0.8867436051368713,0.0,0.8860469460487366,0.0
126,0.8867436051368713,0.00937500037252903,0.8868431448936462,0.0,0.8845541477203369,0.1927083283662796,0.8825637102127075,0.28958332538604736,0.8878383636474609,0.0,0.8862460255622864,0.0
127,0.887042224407196,0.0015625000232830644,0.887340784072876,0.0,0.884454607963562,0.17395833134651184,0.8821656107902527,0.2776041626930237,0.8883360028266907,0.0,0.8864450454711914,0.0
128,0.8868431448936462,0.0078125,0.887539803981781,0.0,0.883957028388977,0.18437500298023224,0.8825637102127075,0.2916666567325592,0.8879379034042358,0.0,0.8862460255622864,0.0
129,0.887042224407196,0.0015625000232830644,0.8874402642250061,0.0,0.8847531676292419,0.1822916716337204,0.8820660710334778,0.3005208373069763,0.887340784072876,0.0,0.8863455653190613,0.0
130,0.8867436051368713,0.004687500186264515,0.8879379034042358,0.0,0.884454607963562,0.15729166567325592,0.8827627301216125,0.2848958373069763,0.8864450454711914,0.0,0.8860469460487366,0.0
131,0.887042224407196,0.010937499813735485,0.8862460255622864,0.0,0.8841560482978821,0.17343750596046448,0.8825637102127075,0.2874999940395355,0.8866441249847412,0.0,0.8863455653190613,0.0
132,0.887042224407196,0.0078125,0.8865445852279663,0.0,0.884255588054657,0.16041666269302368,0.8825637102127075,0.2822916805744171,0.8859474658966064,0.0,0.8865445852279663,0.0
133,0.8871417045593262,0.0031250000465661287,0.8878383636474609,0.0,0.8843550682067871,0.15468749403953552,0.8823646306991577,0.2932291626930237,0.8869426846504211,0.0,0.8863455653190613,0.0
134,0.8861464858055115,0.015104166232049465,0.8878383636474609,0.0,0.884454607963562,0.19114583730697632,0.8823646306991577,0.2958333194255829,0.8866441249847412,0.0,0.8865445852279663,0.0
135,0.8853503465652466,0.0062500000931322575,0.8876393437385559,0.0,0.8845541477203369,0.17864583432674408,0.8823646306991577,0.2822916805744171,0.8860469460487366,0.0,0.8862460255622864,0.0
136,0.8853503465652466,0.004687500186264515,0.8862460255622864,0.0,0.8845541477203369,0.15156249701976776,0.8827627301216125,0.28333333134651184,0.8865445852279663,0.0,0.8863455653190613,0.0
137,0.8848527073860168,0.0062500000931322575,0.8880374431610107,0.0,0.884454607963562,0.14635416865348816,0.8826631903648376,0.2864583432674408,0.8857483863830566,0.0,0.8863455653190613,0.0
138,0.8857483863830566,0.0062500000931322575,0.8871417045593262,0.0,0.8843550682067871,0.15677084028720856,0.8825637102127075,0.2854166626930237,0.8861464858055115,0.0,0.8862460255622864,0.0
139,0.8848527073860168,0.0031250000465661287,0.8881369233131409,0.0,0.884255588054657,0.14374999701976776,0.8827627301216125,0.2671875059604645,0.8868431448936462,0.0,0.8866441249847412,0.0
140,0.8840565085411072,0.00937500037252903,0.8878383636474609,0.0,0.8840565085411072,0.14374999701976776,0.8827627301216125,0.2822916805744171,0.8861464858055115,0.0,0.8867436051368713,0.0
141,0.8850517272949219,0.015104166232049465,0.887738823890686,0.0,0.883957028388977,0.14427083730697632,0.8827627301216125,0.28072917461395264,0.8866441249847412,0.0,0.8867436051368713,0.0
142,0.884454607963562,0.00937500037252903,0.8884354829788208,0.0,0.8841560482978821,0.13750000298023224,0.8829618096351624,0.28333333134651184,0.8858479261398315,0.0,0.8869426846504211,0.0
143,0.8857483863830566,0.015625,0.8881369233131409,0.0,0.8838574886322021,0.13385416567325592,0.8831608295440674,0.2958333194255829,0.8858479261398315,0.0,0.8869426846504211,0.0
144,0.8867436051368713,0.01406249962747097,0.8881369233131409,0.0,0.8837579488754272,0.1223958358168602,0.8830612897872925,0.2682291567325592,0.8859474658966064,0.0,0.8867436051368713,0.0
145,0.8866441249847412,0.0078125,0.8883360028266907,0.0,0.8838574886322021,0.14635416865348816,0.8835589289665222,0.28697916865348816,0.887042224407196,0.0,0.8866441249847412,0.0
146,0.8869426846504211,0.0031250000465661287,0.8883360028266907,0.0,0.8838574886322021,0.14479166269302368,0.8829618096351624,0.2796874940395355,0.8868431448936462,0.0,0.8871417045593262,0.0
147,0.8864450454711914,0.0031250000465661287,0.8867436051368713,0.0,0.883957028388977,0.11302082985639572,0.8828622698783875,0.2770833373069763,0.8866441249847412,0.0,0.887042224407196,0.0
148,0.8859474658966064,0.0062500000931322575,0.8879379034042358,0.0,0.8841560482978821,0.12708333134651184,0.8828622698783875,0.29114583134651184,0.8855493664741516,0.0,0.8869426846504211,0.0
149,0.8863455653190613,0.004687500186264515,0.8872412443161011,0.0,0.8840565085411072,0.125,0.8830612897872925,0.26875001192092896,0.8872412443161011,0.0,0.887042224407196,0.0
150,0.8858479261398315,0.004687500186264515,0.8880374431610107,0.0,0.8843550682067871,0.11302082985639572,0.8831608295440674,0.28437501192092896,0.8863455653190613,0.0,0.887042224407196,0.0
151,0.8859474658966064,0.014583333395421505,0.8879379034042358,0.0,0.884255588054657,0.109375,0.8829618096351624,0.2864583432674408,0.8860469460487366,0.0,0.8864450454711914,0.0
152,0.8857483863830566,0.0078125,0.8883360028266907,0.0,0.884255588054657,0.11093749850988388,0.8831608295440674,0.2604166567325592,0.8868431448936462,0.0,0.8867436051368713,0.0
153,0.8861464858055115,0.01145833358168602,0.8879379034042358,0.0,0.8843550682067871,0.0989583358168602,0.8830612897872925,0.2880208194255829,0.8869426846504211,0.0,0.8871417045593262,0.0
154,0.887340784072876,0.010937499813735485,0.887539803981781,0.0,0.8843550682067871,0.10781250149011612,0.8833598494529724,0.2776041626930237,0.8867436051368713,0.0,0.8871417045593262,0.0
155,0.887340784072876,0.0031250000465661287,0.8851512670516968,0.0,0.8847531676292419,0.08697916567325592,0.8837579488754272,0.2552083432674408,0.8879379034042358,0.0,0.887042224407196,0.0
156,0.8876393437385559,0.0078125,0.8852508068084717,0.0,0.8848527073860168,0.10729166865348816,0.8837579488754272,0.26614582538604736,0.8886345624923706,0.0,0.8874402642250061,0.0
157,0.887539803981781,0.0062500000931322575,0.8865445852279663,0.0,0.8847531676292419,0.09479166567325592,0.8837579488754272,0.28072917461395264,0.8884354829788208,0.0,0.8868431448936462,0.0
158,0.887042224407196,0.0062500000931322575,0.8866441249847412,0.0,0.8845541477203369,0.08958332985639572,0.8838574886322021,0.2880208194255829,0.8884354829788208,0.0,0.8868431448936462,0.0
159,0.8879379034042358,0.0015625000232830644,0.8855493664741516,0.0,0.8851512670516968,0.10468749701976776,0.8841560482978821,0.2593750059604645,0.8874402642250061,0.0,0.8859474658966064,0.0
160,0.8862460255622864,0.004687500186264515,0.8866441249847412,0.0,0.8850517272949219,0.08958332985639572,0.8835589289665222,0.27812498807907104,0.887042224407196,0.0,0.8859474658966064,0.0
161,0.8876393437385559,0.01197916641831398,0.887738823890686,0.0,0.8846536874771118,0.08541666716337204,0.8843550682067871,0.2588541805744171,0.8876393437385559,0.0,0.8857483863830566,0.0
162,0.887340784072876,0.010937499813735485,0.887340784072876,0.0,0.8849522471427917,0.09427083283662796,0.8837579488754272,0.2822916805744171,0.8880374431610107,0.0,0.8865445852279663,0.0
163,0.887738823890686,0.004687500186264515,0.8868431448936462,0.0,0.8846536874771118,0.06979166716337204,0.8846536874771118,0.26875001192092896,0.8881369233131409,0.0,0.8858479261398315,0.0
164,0.8889331221580505,0.004687500186264515,0.8858479261398315,0.0,0.8848527073860168,0.0755208358168602,0.8845541477203369,0.2854166626930237,0.8886345624923706,0.0,0.8866441249847412,0.0
165,0.8882364630699158,0.01875000074505806,0.8867436051368713,0.0,0.8851512670516968,0.08281250298023224,0.884454607963562,0.2682291567325592,0.8890326619148254,0.0,0.8867436051368713,0.0
166,0.8879379034042358,0.008854166604578495,0.887539803981781,0.0,0.8854498267173767,0.06718750298023224,0.8846536874771118,0.2744791805744171,0.8901273608207703,0.0,0.8860469460487366,0.0
167,0.8878383636474609,0.004687500186264515,0.8860469460487366,0.0,0.8852508068084717,0.06406249850988388,0.8843550682067871,0.27291667461395264,0.8884354829788208,0.0,0.887042224407196,0.0
168,0.8857483863830566,0.00937500037252903,0.8858479261398315,0.0,0.8852508068084717,0.07708333432674408,0.8841560482978821,0.2880208194255829,0.8902269005775452,0.0,0.8868431448936462,0.0
169,0.8866441249847412,0.01666666753590107,0.8868431448936462,0.0,0.8849522471427917,0.0729166641831398,0.883957028388977,0.2718749940395355,0.8898288011550903,0.0,0.8865445852279663,0.0
170,0.8859474658966064,0.0031250000465661287,0.8862460255622864,0.0,0.8848527073860168,0.0546875,0.884454607963562,0.2776041626930237,0.8886345624923706,0.0,0.8866441249847412,0.0
171,0.8866441249847412,0.0015625000232830644,0.8869426846504211,0.0,0.8850517272949219,0.06093750149011612,0.8841560482978821,0.2630208432674408,0.8891321420669556,0.0,0.8867436051368713,0.0
172,0.887340784072876,0.0015625000232830644,0.8874402642250061,0.0,0.8851512670516968,0.06093750149011612,0.884255588054657,0.27031248807907104,0.8887341022491455,0.0,0.8864450454711914,0.0
173,0.8872412443161011,0.0078125,0.8855493664741516,0.0,0.8849522471427917,0.07239583134651184,0.8843550682067871,0.26354166865348816,0.8886345624923706,0.0,0.8865445852279663,0.0
174,0.8853503465652466,0.0062500000931322575,0.887340784072876,0.0,0.8850517272949219,0.05260416492819786,0.8841560482978821,0.25468748807907104,0.8895302414894104,0.0,0.8866441249847412,0.0
175,0.8859474658966064,0.00937500037252903,0.8882364630699158,0.0,0.8846536874771118,0.05833333358168602,0.8843550682067871,0.2682291567325592,0.8887341022491455,0.0,0.8869426846504211,0.0
176,0.8865445852279663,0.01666666753590107,0.8872412443161011,0.0,0.8850517272949219,0.06458333134651184,0.884454607963562,0.2578125,0.8885350227355957,0.0,0.887042224407196,0.0
177,0.8867436051368713,0.004687500186264515,0.8852508068084717,0.0,0.8851512670516968,0.0494791679084301,0.8841560482978821,0.2541666626930237,0.8882364630699158,0.0,0.8868431448936462,0.0
178,0.8859474658966064,0.0031250000465661287,0.8866441249847412,0.0,0.8850517272949219,0.05624999850988388,0.884255588054657,0.25312501192092896,0.8883360028266907,0.0,0.8868431448936462,0.0
179,0.8855493664741516,0.01979166641831398,0.8869426846504211,0.0,0.8851512670516968,0.046875,0.8840565085411072,0.2796874940395355,0.8887341022491455,0.0,0.8872412443161011,0.0
180,0.887042224407196,0.0078125,0.8866441249847412,0.0,0.8848527073860168,0.05104166641831398,0.8836584687232971,0.24687500298023224,0.887539803981781,0.0,0.8871417045593262,0.0
181,0.883957028388977,0.01822916604578495,0.887340784072876,0.0,0.8851512670516968,0.02916666679084301,0.8832603693008423,0.2536458373069763,0.8879379034042358,0.0,0.887340784072876,0.0
182,0.884454607963562,0.0062500000931322575,0.8863455653190613,0.0,0.8847531676292419,0.05000000074505806,0.8835589289665222,0.2562499940395355,0.8872412443161011,0.0,0.8871417045593262,0.0
183,0.8855493664741516,0.00937500037252903,0.8866441249847412,0.0,0.8849522471427917,0.04843749850988388,0.8832603693008423,0.25,0.8880374431610107,0.0,0.887042224407196,0.0
184,0.8855493664741516,0.0078125,0.8861464858055115,0.0,0.8850517272949219,0.04322916641831398,0.8837579488754272,0.27031248807907104,0.8864450454711914,0.0,0.8867436051368713,0.0
185,0.8872412443161011,0.0078125,0.8859474658966064,0.0,0.8854498267173767,0.05364583432674408,0.8840565085411072,0.2536458373069763,0.8868431448936462,0.0,0.887340784072876,0.0
186,0.8874402642250061,0.004687500186264515,0.8853503465652466,0.0,0.8848527073860168,0.03437500074505806,0.8841560482978821,0.2578125,0.887340784072876,0.0,0.8871417045593262,0.0
187,0.8883360028266907,0.00937500037252903,0.8849522471427917,0.0,0.8847531676292419,0.04635416716337204,0.8841560482978821,0.25729167461395264,0.887340784072876,0.0,0.887042224407196,0.0
188,0.8890326619148254,0.012500000186264515,0.8851512670516968,0.0,0.8846536874771118,0.03854166716337204,0.8841560482978821,0.26770833134651184,0.8869426846504211,0.0,0.8871417045593262,0.0
189,0.8883360028266907,0.0078125,0.8864450454711914,0.0,0.8857483863830566,0.03437500074505806,0.884255588054657,0.2744791805744171,0.887340784072876,0.0,0.8872412443161011,0.0
190,0.8880374431610107,0.01822916604578495,0.8847531676292419,0.0,0.8859474658966064,0.05104166641831398,0.8840565085411072,0.2515625059604645,0.8886345624923706,0.0,0.8871417045593262,0.0
191,0.8878383636474609,0.015625,0.8849522471427917,0.0,0.8852508068084717,0.04010416567325592,0.8840565085411072,0.2604166567325592,0.8892316818237305,0.0,0.887340784072876,0.0
192,0.887738823890686,0.0062500000931322575,0.8863455653190613,0.0,0.8856489062309265,0.03229166567325592,0.8840565085411072,0.2510416805744171,0.8882364630699158,0.0,0.8871417045593262,0.0
193,0.8882364630699158,0.012500000186264515,0.887340784072876,0.0,0.8858479261398315,0.04531250149011612,0.884255588054657,0.24635416269302368,0.8881369233131409,0.0,0.887042224407196,0.0
194,0.887738823890686,0.0062500000931322575,0.8884354829788208,0.0,0.8857483863830566,0.03437500074505806,0.883957028388977,0.2708333432674408,0.8872412443161011,0.0,0.8864450454711914,0.0
195,0.8868431448936462,0.0072916666977107525,0.8884354829788208,0.0,0.8862460255622864,0.02031249925494194,0.884454607963562,0.25572916865348816,0.8859474658966064,0.0,0.8862460255622864,0.0
196,0.8859474658966064,0.0062500000931322575,0.8883360028266907,0.0,0.8859474658966064,0.02500000037252903,0.8843550682067871,0.24635416269302368,0.8865445852279663,0.0,0.8863455653190613,0.0
197,0.8865445852279663,0.0031250000465661287,0.8876393437385559,0.0,0.8862460255622864,0.03697916492819786,0.8846536874771118,0.24583333730697632,0.8865445852279663,0.0,0.8864450454711914,0.0
198,0.8863455653190613,0.0062500000931322575,0.8884354829788208,0.0,0.8861464858055115,0.0390625,0.8845541477203369,0.2541666626930237,0.8865445852279663,0.0,0.8861464858055115,0.0
199,0.8868431448936462,0.0015625000232830644,0.887738823890686,0.0,0.8859474658966064,0.03229166567325592,0.8841560482978821,0.2614583373069763,0.884454607963562,0.0,0.8860469460487366,0.0
200,0.8867436051368713,0.0015625000232830644,0.887539803981781,0.0,0.8855493664741516,0.02968749962747097,0.884255588054657,0.25729167461395264,0.8871417045593262,0.0,0.8860469460487366,0.0
201,0.887340784072876,0.004687500186264515,0.8881369233131409,0.0,0.8855493664741516,0.04114583507180214,0.8845541477203369,0.22968749701976776,0.887539803981781,0.0,0.8861464858055115,0.0
202,0.8869426846504211,0.0031250000465661287,0.8882364630699158,0.0,0.8854498267173767,0.02187499962747097,0.8847531676292419,0.25572916865348816,0.8885350227355957,0.0,0.8867436051368713,0.0
203,0.8866441249847412,0.0,0.887738823890686,0.0,0.8855493664741516,0.02031249925494194,0.8845541477203369,0.25729167461395264,0.8879379034042358,0.0,0.8866441249847412,0.0
204,0.8884354829788208,0.0031250000465661287,0.8884354829788208,0.0,0.8855493664741516,0.02031249925494194,0.8847531676292419,0.23489584028720856,0.887539803981781,0.0,0.887042224407196,0.0
205,0.8887341022491455,0.0,0.887539803981781,0.0,0.8853503465652466,0.03541666641831398,0.8846536874771118,0.2614583373069763,0.887539803981781,0.0,0.8871417045593262,0.0
206,0.8897293210029602,0.0031250000465661287,0.887738823890686,0.0,0.8855493664741516,0.02187499962747097,0.8843550682067871,0.25208333134651184,0.8888335824012756,0.0,0.8868431448936462,0.0
207,0.8889331221580505,0.0015625000232830644,0.8868431448936462,0.0,0.8855493664741516,0.02968749962747097,0.884255588054657,0.24114583432674408,0.8882364630699158,0.0,0.887539803981781,0.0
208,0.8886345624923706,0.0,0.8859474658966064,0.0,0.8854498267173767,0.02447916753590107,0.8848527073860168,0.22968749701976776,0.8885350227355957,0.0,0.8874402642250061,0.0
209,0.8885350227355957,0.0,0.8863455653190613,0.0,0.8856489062309265,0.02447916753590107,0.8848527073860168,0.21875,0.8887341022491455,0.0,0.8871417045593262,0.0
210,0.887340784072876,0.0031250000465661287,0.8882364630699158,0.0,0.8854498267173767,0.0234375,0.8849522471427917,0.21770833432674408,0.8876393437385559,0.0,0.887042224407196,0.0
211,0.887042224407196,0.0015625000232830644,0.887539803981781,0.0,0.8855493664741516,0.01927083358168602,0.8852508068084717,0.21562500298023224,0.8883360028266907,0.0,0.8872412443161011,0.0
212,0.8874402642250061,0.0015625000232830644,0.8880374431610107,0.0,0.8858479261398315,0.03072916716337204,0.8851512670516968,0.21510416269302368,0.8888335824012756,0.0,0.887340784072876,0.0
213,0.8883360028266907,0.0062500000931322575,0.8882364630699158,0.0,0.8858479261398315,0.02031249925494194,0.8845541477203369,0.2109375,0.8892316818237305,0.0,0.8872412443161011,0.0
214,0.8889331221580505,0.004687500186264515,0.8883360028266907,0.0,0.8858479261398315,0.02968749962747097,0.8848527073860168,0.21979166567325592,0.8891321420669556,0.0,0.8872412443161011,0.0
215,0.8889331221580505,0.004687500186264515,0.8868431448936462,0.0,0.8858479261398315,0.00937500037252903,0.8850517272949219,0.22499999403953552,0.8889331221580505,0.0,0.887042224407196,0.0
216,0.8878383636474609,0.0078125,0.8860469460487366,0.0,0.8858479261398315,0.0234375,0.8848527073860168,0.21250000596046448,0.887042224407196,0.0,0.8869426846504211,0.0
217,0.8881369233131409,0.008854166604578495,0.8872412443161011,0.0,0.8861464858055115,0.01666666753590107,0.8843550682067871,0.24114583432674408,0.887042224407196,0.0,0.8869426846504211,0.0
218,0.8880374431610107,0.004687500186264515,0.8871417045593262,0.0,0.8859474658966064,0.02291666716337204,0.884255588054657,0.25208333134651184,0.8866441249847412,0.0,0.8868431448936462,0.0
219,0.8887341022491455,0.00937500037252903,0.8878383636474609,0.0,0.8857483863830566,0.01666666753590107,0.8848527073860168,0.24375000596046448,0.8869426846504211,0.0,0.8868431448936462,0.0
220,0.8895302414894104,0.00937500037252903,0.8885350227355957,0.0,0.8859474658966064,0.012500000186264515,0.8841560482978821,0.2447916716337204,0.887539803981781,0.0,0.8867436051368713,0.0
221,0.8885350227355957,0.0062500000931322575,0.8884354829788208,0.0,0.8862460255622864,0.02187499962747097,0.884255588054657,0.22604165971279144,0.8872412443161011,0.0,0.8871417045593262,0.0
222,0.8887341022491455,0.00937500037252903,0.8888335824012756,0.0,0.8862460255622864,0.01406249962747097,0.8840565085411072,0.21979166567325592,0.8878383636474609,0.0,0.8871417045593262,0.0
223,0.8885350227355957,0.01666666753590107,0.8881369233131409,0.0,0.8859474658966064,0.01875000074505806,0.884255588054657,0.22708334028720856,0.8880374431610107,0.0,0.8871417045593262,0.0
224,0.8881369233131409,0.0078125,0.8887341022491455,0.0,0.8860469460487366,0.012500000186264515,0.8841560482978821,0.2395833283662796,0.8881369233131409,0.0,0.8874402642250061,0.0
225,0.8880374431610107,0.0062500000931322575,0.8879379034042358,0.0,0.8862460255622864,0.01822916604578495,0.884454607963562,0.23489584028720856,0.8880374431610107,0.0,0.8872412443161011,0.0
226,0.8882364630699158,0.0078125,0.8879379034042358,0.0,0.8858479261398315,0.012500000186264515,0.8848527073860168,0.22447916865348816,0.8881369233131409,0.0,0.8872412443161011,0.0
227,0.887042224407196,0.02083333395421505,0.8884354829788208,0.0,0.8861464858055115,0.00937500037252903,0.8847531676292419,0.22604165971279144,0.8892316818237305,0.0,0.887539803981781,0.0
228,0.8859474658966064,0.0078125,0.8889331221580505,0.0,0.8862460255622864,0.01718750037252903,0.8849522471427917,0.2317708283662796,0.8890326619148254,0.0,0.8871417045593262,0.0
229,0.8861464858055115,0.01927083358168602,0.8889331221580505,0.0,0.8862460255622864,0.012500000186264515,0.8851512670516968,0.22604165971279144,0.8899283409118652,0.0,0.8871417045593262,0.0
230,0.8851512670516968,0.008854166604578495,0.8876393437385559,0.0,0.8863455653190613,0.01718750037252903,0.8852508068084717,0.22239583730697632,0.8893312215805054,0.0,0.8872412443161011,0.0
231,0.8860469460487366,0.0062500000931322575,0.8891321420669556,0.0,0.8860469460487366,0.0078125,0.8850517272949219,0.20885416865348816,0.8891321420669556,0.0,0.887042224407196,0.0
232,0.8860469460487366,0.01197916641831398,0.8876393437385559,0.0,0.8862460255622864,0.01979166641831398,0.8852508068084717,0.22187499701976776,0.8882364630699158,0.0,0.8874402642250061,0.0
233,0.8876393437385559,0.004687500186264515,0.8881369233131409,0.0,0.8863455653190613,0.012500000186264515,0.8853503465652466,0.20104166865348816,0.8887341022491455,0.0,0.8874402642250061,0.0
234,0.8881369233131409,0.01406249962747097,0.8885350227355957,0.0,0.8859474658966064,0.0078125,0.8851512670516968,0.2057291716337204,0.8885350227355957,0.0,0.887340784072876,0.0
235,0.8882364630699158,0.0078125,0.8885350227355957,0.0,0.8859474658966064,0.015625,0.8848527073860168,0.21770833432674408,0.8879379034042358,0.0,0.887340784072876,0.0
236,0.8887341022491455,0.01718750037252903,0.8890326619148254,0.0,0.8861464858055115,0.01406249962747097,0.8848527073860168,0.22239583730697632,0.8880374431610107,0.0,0.887340784072876,0.0
237,0.8879379034042358,0.01666666753590107,0.8888335824012756,0.0,0.8864450454711914,0.010937499813735485,0.8851512670516968,0.19947916269302368,0.8885350227355957,0.0,0.887042224407196,0.0
238,0.8872412443161011,0.012500000186264515,0.8881369233131409,0.0,0.8864450454711914,0.02135416679084301,0.8848527073860168,0.20677083730697632,0.8880374431610107,0.0,0.8868431448936462,0.0
239,0.887340784072876,0.0078125,0.8889331221580505,0.0,0.8865445852279663,0.0062500000931322575,0.8847531676292419,0.20781250298023224,0.8872412443161011,0.0,0.8867436051368713,0.0
240,0.8879379034042358,0.012500000186264515,0.8883360028266907,0.0,0.8861464858055115,0.0078125,0.8848527073860168,0.22708334028720856,0.8885350227355957,0.0,0.8868431448936462,0.0
241,0.8874402642250061,0.01666666753590107,0.8890326619148254,0.0,0.8865445852279663,0.0078125,0.8850517272949219,0.20624999701976776,0.8891321420669556,0.0,0.8869426846504211,0.0
242,0.8880374431610107,0.010937499813735485,0.8889331221580505,0.0,0.8866441249847412,0.00937500037252903,0.8851512670516968,0.20624999701976776,0.8886345624923706,0.0,0.887042224407196,0.0
243,0.887340784072876,0.01406249962747097,0.8898288011550903,0.0,0.8862460255622864,0.010937499813735485,0.8847531676292419,0.21197916567325592,0.8895302414894104,0.0,0.8872412443161011,0.0
244,0.887539803981781,0.00937500037252903,0.8894307613372803,0.0,0.8864450454711914,0.010416666977107525,0.8849522471427917,0.21875,0.8893312215805054,0.0,0.8871417045593262,0.0
245,0.8860469460487366,0.015625,0.8892316818237305,0.0,0.8861464858055115,0.012500000186264515,0.8848527073860168,0.20364584028720856,0.8902269005775452,0.0,0.8871417045593262,0.0
246,0.8855493664741516,0.02031249925494194,0.8885350227355957,0.0,0.8864450454711914,0.01875000074505806,0.8843550682067871,0.20677083730697632,0.8896297812461853,0.0,0.8866441249847412,0.0
247,0.8858479261398315,0.01822916604578495,0.8893312215805054,0.0,0.8865445852279663,0.010937499813735485,0.8841560482978821,0.20885416865348816,0.8892316818237305,0.0,0.8868431448936462,0.0
248,0.8861464858055115,0.01875000074505806,0.8889331221580505,0.0,0.8865445852279663,0.00937500037252903,0.8845541477203369,0.19322916865348816,0.887340784072876,0.0,0.8866441249847412,0.0
249,0.8861464858055115,0.01822916604578495,0.8878383636474609,0.0,0.8861464858055115,0.004687500186264515,0.8843550682067871,0.20885416865348816,0.8887341022491455,0.0,0.8868431448936462,0.0
250,0.8869426846504211,0.01822916604578495,0.8879379034042358,0.0,0.8864450454711914,0.010416666977107525,0.8843550682067871,0.203125,0.887042224407196,0.0,0.887042224407196,0.0
251,0.8890326619148254,0.0062500000931322575,0.8872412443161011,0.0,0.8859474658966064,0.012500000186264515,0.8848527073860168,0.20364584028720856,0.8865445852279663,0.0,0.8872412443161011,0.0
252,0.8895302414894104,0.004687500186264515,0.8882364630699158,0.0,0.8861464858055115,0.0062500000931322575,0.8851512670516968,0.19322916865348816,0.8869426846504211,0.0,0.887340784072876,0.0
253,0.8880374431610107,0.004687500186264515,0.8892316818237305,0.0,0.8856489062309265,0.010937499813735485,0.8850517272949219,0.1953125,0.8861464858055115,0.0,0.887042224407196,0.0
254,0.8883360028266907,0.0031250000465661287,0.8885350227355957,0.0,0.8860469460487366,0.0062500000931322575,0.8850517272949219,0.19687500596046448,0.8864450454711914,0.0,0.887042224407196,0.0
255,0.8868431448936462,0.004687500186264515,0.8883360028266907,0.0,0.8861464858055115,0.01197916641831398,0.8855493664741516,0.21718749403953552,0.8861464858055115,0.0,0.8869426846504211,0.0
256,0.8884354829788208,0.0072916666977107525,0.8887341022491455,0.0,0.8860469460487366,0.0078125,0.8855493664741516,0.1692708283662796,0.8867436051368713,0.0,0.8874402642250061,0.0
257,0.8884354829788208,0.0015625000232830644,0.887539803981781,0.0,0.8859474658966064,0.0062500000931322575,0.8853503465652466,0.20468750596046448,0.8857483863830566,0.0,0.887042224407196,0.0
258,0.8881369233131409,0.0031250000465661287,0.887539803981781,0.0,0.8859474658966064,0.00572916679084301,0.8853503465652466,0.21250000596046448,0.887042224407196,0.0,0.8868431448936462,0.0
259,0.8887341022491455,0.004687500186264515,0.887738823890686,0.0,0.8859474658966064,0.0078125,0.8857483863830566,0.20208333432674408,0.8866441249847412,0.0,0.8869426846504211,0.0
260,0.8887341022491455,0.0015625000232830644,0.8880374431610107,0.0,0.8864450454711914,0.0031250000465661287,0.8855493664741516,0.19479165971279144,0.8859474658966064,0.0,0.8869426846504211,0.0
261,0.8883360028266907,0.0078125,0.8888335824012756,0.0,0.8860469460487366,0.0078125,0.8853503465652466,0.19114583730697632,0.8868431448936462,0.0,0.8869426846504211,0.0
262,0.8884354829788208,0.004687500186264515,0.8891321420669556,0.0,0.8861464858055115,0.0015625000232830644,0.8852508068084717,0.19635416567325592,0.8868431448936462,0.0,0.8866441249847412,0.0
263,0.8879379034042358,0.0078125,0.8888335824012756,0.0,0.8861464858055115,0.0062500000931322575,0.8854498267173767,0.19114583730697632,0.8859474658966064,0.0,0.8864450454711914,0.0
264,0.8864450454711914,0.012500000186264515,0.8883360028266907,0.0,0.8863455653190613,0.0062500000931322575,0.8853503465652466,0.18645833432674408,0.8871417045593262,0.0,0.8863455653190613,0.0
265,0.8874402642250061,0.0062500000931322575,0.8876393437385559,0.0,0.8861464858055115,0.00937500037252903,0.8851512670516968,0.19479165971279144,0.8865445852279663,0.0,0.8861464858055115,0.0
266,0.8872412443161011,0.0031250000465661287,0.8884354829788208,0.0,0.8861464858055115,0.0,0.8849522471427917,0.18854166567325592,0.8865445852279663,0.0,0.8865445852279663,0.0
267,0.8869426846504211,0.0031250000465661287,0.8885350227355957,0.0,0.8862460255622864,0.010937499813735485,0.8852508068084717,0.19218750298023224,0.887340784072876,0.0,0.8866441249847412,0.0
268,0.8880374431610107,0.0,0.8878383636474609,0.0,0.8862460255622864,0.004687500186264515,0.8847531676292419,0.18333333730697632,0.8883360028266907,0.0,0.8863455653190613,0.0
269,0.8889331221580505,0.0,0.8880374431610107,0.0,0.8862460255622864,0.0031250000465661287,0.8853503465652466,0.18385416269302368,0.887340784072876,0.0,0.8863455653190613,0.0
270,0.8902269005775452,0.0015625000232830644,0.8883360028266907,0.0,0.8859474658966064,0.004687500186264515,0.8855493664741516,0.17343750596046448,0.887539803981781,0.0,0.8866441249847412,0.0
271,0.8883360028266907,0.0,0.8880374431610107,0.0,0.8859474658966064,0.0015625000232830644,0.8852508068084717,0.18125000596046448,0.8887341022491455,0.0,0.8868431448936462,0.0
272,0.8891321420669556,0.004687500186264515,0.8876393437385559,0.0,0.8859474658966064,0.0031250000465661287,0.8854498267173767,0.18958333134651184,0.8874402642250061,0.0,0.8866441249847412,0.0
273,0.8888335824012756,0.00572916679084301,0.8878383636474609,0.0,0.8856489062309265,0.01197916641831398,0.8854498267173767,0.1588541716337204,0.8871417045593262,0.0,0.8860469460487366,0.0
274,0.8879379034042358,0.0031250000465661287,0.8872412443161011,0.0,0.8859474658966064,0.004687500186264515,0.8855493664741516,0.18906250596046448,0.8868431448936462,0.0,0.8864450454711914,0.0
275,0.8897293210029602,0.004687500186264515,0.8879379034042358,0.0,0.8859474658966064,0.008854166604578495,0.8853503465652466,0.16979166865348816,0.8872412443161011,0.0,0.8863455653190613,0.0
276,0.8891321420669556,0.0062500000931322575,0.8886345624923706,0.0,0.8856489062309265,0.0072916666977107525,0.8849522471427917,0.16197916865348816,0.8880374431610107,0.0,0.8863455653190613,0.0
277,0.8878383636474609,0.0031250000465661287,0.8880374431610107,0.0,0.8857483863830566,0.008854166604578495,0.8843550682067871,0.16614583134651184,0.8881369233131409,0.0,0.8861464858055115,0.0
278,0.8872412443161011,0.0,0.8892316818237305,0.0,0.8858479261398315,0.004687500186264515,0.8841560482978821,0.17031249403953552,0.887738823890686,0.0,0.8858479261398315,0.0
279,0.8874402642250061,0.0,0.8890326619148254,0.0,0.8859474658966064,0.004687500186264515,0.884454607963562,0.16510416567325592,0.8876393437385559,0.0,0.8861464858055115,0.0
280,0.8882364630699158,0.0015625000232830644,0.887738823890686,0.0,0.8857483863830566,0.00572916679084301,0.884454607963562,0.15937499701976776,0.8890326619148254,0.0,0.8861464858055115,0.0
281,0.8883360028266907,0.0031250000465661287,0.8885350227355957,0.0,0.8858479261398315,0.0015625000232830644,0.884454607963562,0.20885416865348816,0.8880374431610107,0.0,0.8862460255622864,0.0
282,0.8883360028266907,0.0015625000232830644,0.8879379034042358,0.0,0.8859474658966064,0.0031250000465661287,0.884255588054657,0.19218750298023224,0.8876393437385559,0.0,0.8860469460487366,0.0
283,0.8882364630699158,0.0015625000232830644,0.8879379034042358,0.0,0.8856489062309265,0.004687500186264515,0.884255588054657,0.15833333134651184,0.8886345624923706,0.0,0.8859474658966064,0.0
284,0.8876393437385559,0.0078125,0.8888335824012756,0.0,0.8856489062309265,0.0015625000232830644,0.8841560482978821,0.17291666567325592,0.8888335824012756,0.0,0.8862460255622864,0.0
285,0.8869426846504211,0.0062500000931322575,0.8867436051368713,0.0,0.8854498267173767,0.0031250000465661287,0.8843550682067871,0.16093750298023224,0.8886345624923706,0.0,0.8864450454711914,0.0
286,0.8861464858055115,0.0078125,0.8879379034042358,0.0,0.8852508068084717,0.0031250000465661287,0.8841560482978821,0.16979166865348816,0.8885350227355957,0.0,0.8864450454711914,0.0
287,0.8867436051368713,0.004687500186264515,0.8879379034042358,0.0,0.8857483863830566,0.0,0.8840565085411072,0.1588541716337204,0.8883360028266907,0.0,0.8862460255622864,0.0
288,0.887539803981781,0.010937499813735485,0.8885350227355957,0.0,0.8856489062309265,0.004687500186264515,0.884454607963562,0.19218750298023224,0.8882364630699158,0.0,0.8862460255622864,0.0
289,0.887042224407196,0.0031250000465661287,0.887539803981781,0.0,0.8856489062309265,0.0,0.8840565085411072,0.1510416716337204,0.8879379034042358,0.0,0.8861464858055115,0.0
290,0.887340784072876,0.0015625000232830644,0.8874402642250061,0.0,0.8856489062309265,0.0015625000232830644,0.8843550682067871,0.15677084028720856,0.8882364630699158,0.0,0.8866441249847412,0.0
291,0.8864450454711914,0.0,0.8874402642250061,0.0,0.8855493664741516,0.0015625000232830644,0.8845541477203369,0.19062499701976776,0.8883360028266907,0.0,0.8864450454711914,0.0
292,0.8869426846504211,0.0062500000931322575,0.887340784072876,0.0,0.8858479261398315,0.0,0.884255588054657,0.1666666716337204,0.8883360028266907,0.0,0.8862460255622864,0.0
293,0.8872412443161011,0.0015625000232830644,0.8874402642250061,0.0,0.8852508068084717,0.0031250000465661287,0.884255588054657,0.18020834028720856,0.8886345624923706,0.0,0.8863455653190613,0.0
294,0.8866441249847412,0.0015625000232830644,0.8876393437385559,0.0,0.8855493664741516,0.0015625000232830644,0.884255588054657,0.16875000298023224,0.8884354829788208,0.0,0.8862460255622864,0.0
295,0.8859474658966064,0.0015625000232830644,0.8864450454711914,0.0,0.8852508068084717,0.0015625000232830644,0.8841560482978821,0.1666666716337204,0.8884354829788208,0.0,0.8858479261398315,0.0
296,0.8869426846504211,0.0031250000465661287,0.8865445852279663,0.0,0.8854498267173767,0.0,0.8843550682067871,0.13750000298023224,0.8867436051368713,0.0,0.8860469460487366,0.0
297,0.8863455653190613,0.00572916679084301,0.8866441249847412,0.0,0.8850517272949219,0.0015625000232830644,0.884255588054657,0.14739583432674408,0.8871417045593262,0.0,0.8862460255622864,0.0
298,0.8876393437385559,0.0,0.8852508068084717,0.0,0.8850517272949219,0.0015625000232830644,0.8840565085411072,0.14427083730697632,0.8884354829788208,0.0,0.8863455653190613,0.0
299,0.8878383636474609,0.0015625000232830644,0.8867436051368713,0.0,0.8851512670516968,0.0031250000465661287,0.8840565085411072,0.1848958283662796,0.887340784072876,0.0,0.8864450454711914,0.0
300,0.8867436051368713,0.0031250000465661287,0.887042224407196,0.0,0.8854498267173767,0.0,0.884255588054657,0.1432291716337204,0.8872412443161011,0.0,0.8865445852279663,0.0
301,0.8882364630699158,0.0062500000931322575,0.8867436051368713,0.0,0.8852508068084717,0.0015625000232830644,0.884255588054657,0.15156249701976776,0.8865445852279663,0.0,0.8867436051368713,0.0
302,0.8882364630699158,0.004687500186264515,0.8871417045593262,0.0,0.8857483863830566,0.0015625000232830644,0.8848527073860168,0.14947916567325592,0.8879379034042358,0.0,0.8866441249847412,0.0
303,0.8878383636474609,0.0031250000465661287,0.8872412443161011,0.0,0.8863455653190613,0.0031250000465661287,0.8845541477203369,0.14479166269302368,0.8894307613372803,0.0,0.8866441249847412,0.0
304,0.8881369233131409,0.0031250000465661287,0.8876393437385559,0.0,0.8865445852279663,0.0031250000465661287,0.8853503465652466,0.15000000596046448,0.8887341022491455,0.0,0.8863455653190613,0.0
305,0.8869426846504211,0.0078125,0.8880374431610107,0.0,0.8862460255622864,0.0015625000232830644,0.8850517272949219,0.13958333432674408,0.8896297812461853,0.0,0.887042224407196,0.0
306,0.8872412443161011,0.0062500000931322575,0.887738823890686,0.0,0.8863455653190613,0.0015625000232830644,0.8850517272949219,0.14114584028720856,0.8898288011550903,0.0,0.8869426846504211,0.0
307,0.8886345624923706,0.0015625000232830644,0.8878383636474609,0.0,0.8866441249847412,0.0,0.8855493664741516,0.14531250298023224,0.8882364630699158,0.0,0.8867436051368713,0.0
308,0.8896297812461853,0.0015625000232830644,0.8880374431610107,0.0,0.8867436051368713,0.0015625000232830644,0.8852508068084717,0.12343750149011612,0.8887341022491455,0.0,0.8869426846504211,0.0
309,0.8894307613372803,0.0015625000232830644,0.8882364630699158,0.0,0.8869426846504211,0.0015625000232830644,0.8852508068084717,0.16770833730697632,0.8889331221580505,0.0,0.8865445852279663,0.0
310,0.8895302414894104,0.0031250000465661287,0.887738823890686,0.0,0.8866441249847412,0.0,0.8852508068084717,0.1380208283662796,0.8889331221580505,0.0,0.8866441249847412,0.0
311,0.8879379034042358,0.0015625000232830644,0.887738823890686,0.0,0.8864450454711914,0.0015625000232830644,0.8853503465652466,0.15572915971279144,0.8891321420669556,0.0,0.8869426846504211,0.0
312,0.8888335824012756,0.0,0.8883360028266907,0.0,0.8865445852279663,0.0,0.8848527073860168,0.14010415971279144,0.8887341022491455,0.0,0.8869426846504211,0.0
313,0.8874402642250061,0.0062500000931322575,0.8885350227355957,0.0,0.8860469460487366,0.0015625000232830644,0.8848527073860168,0.15208333730697632,0.8886345624923706,0.0,0.8868431448936462,0.0
314,0.8886345624923706,0.0015625000232830644,0.8890326619148254,0.0,0.8863455653190613,0.0,0.8845541477203369,0.1380208283662796,0.8898288011550903,0.0,0.8872412443161011,0.0
315,0.8895302414894104,0.0031250000465661287,0.8883360028266907,0.0,0.8859474658966064,0.0,0.883957028388977,0.14635416865348816,0.8900278806686401,0.0,0.887042224407196,0.0
316,0.887340784072876,0.0015625000232830644,0.8872412443161011,0.0,0.8855493664741516,0.0031250000465661287,0.8843550682067871,0.15781250596046448,0.8890326619148254,0.0,0.8872412443161011,0.0
317,0.8885350227355957,0.0015625000232830644,0.8876393437385559,0.0,0.8858479261398315,0.0,0.8853503465652466,0.14635416865348816,0.8884354829788208,0.0,0.887042224407196,0.0
318,0.8878383636474609,0.0015625000232830644,0.887340784072876,0.0,0.8859474658966064,0.0031250000465661287,0.8850517272949219,0.1640625,0.8887341022491455,0.0,0.8869426846504211,0.0
319,0.8876393437385559,0.0015625000232830644,0.887042224407196,0.0,0.8859474658966064,0.0,0.8851512670516968,0.15572915971279144,0.8887341022491455,0.0,0.887042224407196,0.0
320,0.8878383636474609,0.004687500186264515,0.887738823890686,0.0,0.8860469460487366,0.0031250000465661287,0.8854498267173767,0.1380208283662796,0.8887341022491455,0.0,0.8866441249847412,0.0
321,0.8866441249847412,0.0,0.8880374431610107,0.0,0.8856489062309265,0.0,0.8852508068084717,0.12135417014360428,0.887340784072876,0.0,0.8874402642250061,0.0
322,0.8876393437385559,0.0015625000232830644,0.8881369233131409,0.0,0.8852508068084717,0.0015625000232830644,0.8852508068084717,0.14010415971279144,0.8872412443161011,0.0,0.8871417045593262,0.0
323,0.8874402642250061,0.0,0.8889331221580505,0.0,0.8853503465652466,0.0,0.8850517272949219,0.13489583134651184,0.8885350227355957,0.0,0.8868431448936462,0.0
324,0.8884354829788208,0.004687500186264515,0.8884354829788208,0.0,0.8854498267173767,0.0,0.8848527073860168,0.140625,0.8868431448936462,0.0,0.8867436051368713,0.0
325,0.8879379034042358,0.0015625000232830644,0.8874402642250061,0.0,0.8852508068084717,0.0015625000232830644,0.8849522471427917,0.16354165971279144,0.8880374431610107,0.0,0.8867436051368713,0.0
326,0.8884354829788208,0.008333333767950535,0.8880374431610107,0.0,0.8852508068084717,0.0,0.8851512670516968,0.12864583730697632,0.8876393437385559,0.0,0.887042224407196,0.0
327,0.8880374431610107,0.0015625000232830644,0.887539803981781,0.0,0.8852508068084717,0.0,0.8846536874771118,0.12343750149011612,0.8885350227355957,0.0,0.8862460255622864,0.0
328,0.887738823890686,0.0,0.887539803981781,0.0,0.8854498267173767,0.0015625000232830644,0.8849522471427917,0.14635416865348816,0.8897293210029602,0.0,0.8863455653190613,0.0
329,0.8876393437385559,0.0,0.8879379034042358,0.0,0.8849522471427917,0.0,0.8848527073860168,0.14427083730697632,0.8893312215805054,0.0,0.8866441249847412,0.0
330,0.8884354829788208,0.004687500186264515,0.887042224407196,0.0,0.8853503465652466,0.0015625000232830644,0.8848527073860168,0.10572917014360428,0.8892316818237305,0.0,0.887042224407196,0.0
331,0.8890326619148254,0.0015625000232830644,0.887539803981781,0.0,0.8853503465652466,0.0,0.8845541477203369,0.12395833432674408,0.8894307613372803,0.0,0.8866441249847412,0.0
332,0.8898288011550903,0.0,0.8888335824012756,0.0,0.8854498267173767,0.0,0.8846536874771118,0.12812499701976776,0.8896297812461853,0.0,0.8868431448936462,0.0
333,0.8883360028266907,0.0,0.887340784072876,0.0,0.8860469460487366,0.0,0.8846536874771118,0.13385416567325592,0.8883360028266907,0.0,0.8867436051368713,0.0
334,0.8895302414894104,0.004687500186264515,0.8886345624923706,0.0,0.8858479261398315,0.0,0.8847531676292419,0.14010415971279144,0.8890326619148254,0.0,0.8867436051368713,0.0
335,0.8898288011550903,0.004166666883975267,0.8879379034042358,0.0,0.8858479261398315,0.0,0.8845541477203369,0.15000000596046448,0.8891321420669556,0.0,0.887042224407196,0.0
336,0.8888335824012756,0.0,0.887340784072876,0.0,0.8858479261398315,0.0,0.884454607963562,0.14791665971279144,0.8880374431610107,0.0,0.8871417045593262,0.0
337,0.8878383636474609,0.0015625000232830644,0.8885350227355957,0.0,0.8853503465652466,0.0,0.8846536874771118,0.15052083134651184,0.8895302414894104,0.0,0.8868431448936462,0.0
338,0.8878383636474609,0.0031250000465661287,0.8882364630699158,0.0,0.8858479261398315,0.0,0.8846536874771118,0.1484375,0.8894307613372803,0.0,0.8865445852279663,0.0
339,0.8888335824012756,0.0031250000465661287,0.8891321420669556,0.0,0.8858479261398315,0.0,0.8853503465652466,0.13593749701976776,0.8895302414894104,0.0,0.8867436051368713,0.0
340,0.8890326619148254,0.00572916679084301,0.8886345624923706,0.0,0.8860469460487366,0.0,0.8853503465652466,0.12187500298023224,0.8896297812461853,0.0,0.8863455653190613,0.0
341,0.8888335824012756,0.0031250000465661287,0.8874402642250061,0.0,0.8857483863830566,0.0,0.8856489062309265,0.13489583134651184,0.8893312215805054,0.0,0.8862460255622864,0.0
342,0.8884354829788208,0.0,0.8884354829788208,0.0,0.8857483863830566,0.0,0.8853503465652466,0.1171875,0.8905254602432251,0.0,,
343,0.8889331221580505,0.0,0.8874402642250061,0.0,0.8855493664741516,0.0,0.8852508068084717,0.12031249701976776,0.8903264403343201,0.0,,
344,0.8883360028266907,0.004166666883975267,0.8864450454711914,0.0,0.8855493664741516,0.0,0.8854498267173767,0.12968750298023224,0.8907245397567749,0.0,,
345,0.8890326619148254,0.0031250000465661287,0.8869426846504211,0.0,0.8856489062309265,0.0,0.8851512670516968,0.1380208283662796,0.8892316818237305,0.0,,
346,0.887539803981781,0.0,0.8882364630699158,0.0,0.8857483863830566,0.0,0.8849522471427917,0.12447916716337204,0.8901273608207703,0.0,,
347,0.8880374431610107,0.0,0.8881369233131409,0.0,0.8854498267173767,0.0,,,0.8881369233131409,0.0,,
348,0.8886345624923706,0.0031250000465661287,0.8884354829788208,0.0,0.8861464858055115,0.0,,,0.8896297812461853,0.0,,
349,0.8889331221580505,0.0031250000465661287,0.8893312215805054,0.0,0.8858479261398315,0.0,,,0.8903264403343201,0.0,,
350,0.8887341022491455,0.0078125,0.8895302414894104,0.0,0.8860469460487366,0.0,,,0.8891321420669556,0.0,,
351,0.8874402642250061,0.0015625000232830644,0.8900278806686401,0.0,0.8859474658966064,0.0,,,0.8884354829788208,0.0,,
352,0.8881369233131409,0.0015625000232830644,0.8891321420669556,0.0,0.8856489062309265,0.0,,,0.8879379034042358,0.0,,
353,0.8883360028266907,0.0031250000465661287,0.8896297812461853,0.0,0.8855493664741516,0.0,,,0.8880374431610107,0.0,,
354,0.8876393437385559,0.0031250000465661287,0.8891321420669556,0.0,0.8857483863830566,0.0,,,0.8874402642250061,0.0,,
355,0.8883360028266907,0.0062500000931322575,0.8896297812461853,0.0,0.8861464858055115,0.0015625000232830644,,,0.8880374431610107,0.0,,
356,0.8887341022491455,0.0015625000232830644,0.8893312215805054,0.0,0.8855493664741516,0.0,,,0.887539803981781,0.0,,
357,0.8889331221580505,0.0015625000232830644,0.8885350227355957,0.0,0.8859474658966064,0.0,,,0.8888335824012756,0.0,,
358,0.8890326619148254,0.0,0.8879379034042358,0.0,0.8858479261398315,0.0,,,0.887539803981781,0.0,,
359,0.8905254602432251,0.0031250000465661287,0.8867436051368713,0.0,0.8859474658966064,0.0,,,0.8880374431610107,0.0,,
360,0.8895302414894104,0.0031250000465661287,0.8882364630699158,0.0,0.8858479261398315,0.0,,,0.8871417045593262,0.0,,
361,0.8887341022491455,0.0015625000232830644,0.8868431448936462,0.0,0.8861464858055115,0.0,,,0.8867436051368713,0.0,,
362,0.8886345624923706,0.0015625000232830644,0.887340784072876,0.0,0.8864450454711914,0.0,,,0.8874402642250061,0.0,,
363,0.8892316818237305,0.004687500186264515,0.887042224407196,0.0,0.8861464858055115,0.0,,,0.8872412443161011,0.0,,
364,0.8876393437385559,0.0015625000232830644,0.8872412443161011,0.0,0.8862460255622864,0.0,,,0.8885350227355957,0.0,,
365,0.8882364630699158,0.0015625000232830644,0.8863455653190613,0.0,0.8862460255622864,0.0,,,0.8878383636474609,0.0,,
366,0.8866441249847412,0.0015625000232830644,0.8865445852279663,0.0,0.8860469460487366,0.0,,,0.887738823890686,0.0,,
367,0.8871417045593262,0.0078125,0.887340784072876,0.0,0.8860469460487366,0.0,,,0.8885350227355957,0.0,,
368,0.8876393437385559,0.0062500000931322575,0.8847531676292419,0.0,0.8861464858055115,0.0,,,0.887738823890686,0.0,,
369,0.8880374431610107,0.0031250000465661287,0.8854498267173767,0.0,0.8861464858055115,0.0,,,0.8859474658966064,0.0,,
370,0.887042224407196,0.0031250000465661287,0.8860469460487366,0.0,0.8863455653190613,0.0,,,0.8869426846504211,0.0,,
371,0.8868431448936462,0.0031250000465661287,0.8882364630699158,0.0,0.8862460255622864,0.0,,,0.8863455653190613,0.0,,
372,0.8869426846504211,0.0031250000465661287,0.8884354829788208,0.0,0.8861464858055115,0.0,,,0.8882364630699158,0.0,,
373,0.8865445852279663,0.0015625000232830644,0.8884354829788208,0.0,0.8860469460487366,0.0,,,0.8868431448936462,0.0,,
374,0.8893312215805054,0.0,0.8884354829788208,0.0,0.8860469460487366,0.0,,,0.8882364630699158,0.0,,
375,0.8887341022491455,0.0,0.8885350227355957,0.0,0.8863455653190613,0.0,,,0.8886345624923706,0.0,,
376,0.8883360028266907,0.00572916679084301,0.8885350227355957,0.0,0.8861464858055115,0.0,,,0.8878383636474609,0.0,,
377,0.8885350227355957,0.0031250000465661287,0.8886345624923706,0.0,0.8858479261398315,0.0,,,0.8888335824012756,0.0,,
378,0.8882364630699158,0.0015625000232830644,0.8883360028266907,0.0,0.8861464858055115,0.0,,,0.8887341022491455,0.0,,
379,0.8880374431610107,0.0015625000232830644,0.887539803981781,0.0,0.8860469460487366,0.0,,,0.8888335824012756,0.0,,
380,0.8881369233131409,0.0,0.8876393437385559,0.0,0.8858479261398315,0.0,,,0.8879379034042358,0.0,,
381,0.8878383636474609,0.0015625000232830644,0.8874402642250061,0.0,0.8857483863830566,0.0,,,0.8880374431610107,0.0,,
382,0.8868431448936462,0.0,0.8867436051368713,0.0,0.8855493664741516,0.0,,,0.8868431448936462,0.0,,
383,0.8863455653190613,0.0015625000232830644,0.8883360028266907,0.0,0.8852508068084717,0.0,,,0.8869426846504211,0.0,,
384,0.8872412443161011,0.004687500186264515,0.8894307613372803,0.0,0.8857483863830566,0.0,,,0.8886345624923706,0.0,,
385,0.8876393437385559,0.0015625000232830644,0.8881369233131409,0.0,0.8855493664741516,0.0,,,0.8888335824012756,0.0,,
386,0.8883360028266907,0.0,0.887539803981781,0.0,0.8850517272949219,0.0,,,0.8900278806686401,0.0,,
387,0.8871417045593262,0.0015625000232830644,0.8878383636474609,0.0,0.8853503465652466,0.0,,,0.8881369233131409,0.0,,
388,0.887042224407196,0.0,0.887738823890686,0.0,0.8850517272949219,0.0,,,0.8882364630699158,0.0,,
389,0.8874402642250061,0.0031250000465661287,0.8874402642250061,0.0,0.8856489062309265,0.0,,,0.8876393437385559,0.0,,
390,0.8887341022491455,0.0031250000465661287,0.887738823890686,0.0,0.8856489062309265,0.0,,,0.8882364630699158,0.0,,
391,0.8893312215805054,0.0015625000232830644,0.8878383636474609,0.0,0.8855493664741516,0.0,,,0.8876393437385559,0.0,,
392,0.8889331221580505,0.0,0.8879379034042358,0.0,0.8856489062309265,0.0,,,0.8887341022491455,0.0,,
393,0.8896297812461853,0.0015625000232830644,0.8886345624923706,0.0,0.8855493664741516,0.0,,,0.8883360028266907,0.0,,
394,0.8888335824012756,0.0,0.8891321420669556,0.0,0.8857483863830566,0.0,,,0.8883360028266907,0.0,,
395,0.8896297812461853,0.0,0.8893312215805054,0.0,0.8855493664741516,0.0,,,0.8878383636474609,0.0,,
396,0.8894307613372803,0.0,0.8880374431610107,0.0,0.8853503465652466,0.0,,,0.8883360028266907,0.0,,
397,0.8888335824012756,0.0,0.8869426846504211,0.0,0.8854498267173767,0.0,,,0.8885350227355957,0.0,,
398,0.8884354829788208,0.0015625000232830644,0.8862460255622864,0.0,0.8852508068084717,0.0,,,0.8879379034042358,0.0,,
399,0.8878383636474609,0.0,0.8866441249847412,0.0,0.8854498267173767,0.0,,,0.8887341022491455,0.0,,
400,0.8894307613372803,0.0031250000465661287,0.8857483863830566,0.0,0.8854498267173767,0.0,,,0.8881369233131409,0.0,,
401,0.8894307613372803,0.0031250000465661287,0.8852508068084717,0.0,0.8854498267173767,0.0,,,0.8885350227355957,0.0,,
402,0.8886345624923706,0.0,0.887340784072876,0.0,0.8855493664741516,0.0,,,0.8879379034042358,0.0,,
403,0.8883360028266907,0.0031250000465661287,0.8876393437385559,0.0,0.8857483863830566,0.0,,,0.8883360028266907,0.0,,
404,0.8867436051368713,0.0,0.8876393437385559,0.0,0.8856489062309265,0.0,,,0.8880374431610107,0.0,,
405,0.887539803981781,0.0,0.8894307613372803,0.0,0.8853503465652466,0.0,,,0.8885350227355957,0.0,,
406,0.887738823890686,0.0,0.8890326619148254,0.0,0.8853503465652466,0.0,,,0.8890326619148254,0.0,,
407,0.887539803981781,0.004687500186264515,0.8891321420669556,0.0,0.8856489062309265,0.0,,,0.8889331221580505,0.0,,
408,0.8888335824012756,0.004687500186264515,0.8887341022491455,0.0,0.8860469460487366,0.0,,,0.8881369233131409,0.0,,
409,0.8882364630699158,0.0078125,0.8895302414894104,0.0,0.8860469460487366,0.0,,,0.8871417045593262,0.0,,
410,0.8881369233131409,0.004687500186264515,0.8888335824012756,0.0,0.8863455653190613,0.0,,,0.8872412443161011,0.0,,
411,0.8858479261398315,0.0,0.8872412443161011,0.0,0.8863455653190613,0.0,,,0.8889331221580505,0.0,,
412,0.8869426846504211,0.0031250000465661287,0.8869426846504211,0.0,0.8861464858055115,0.0,,,0.8885350227355957,0.0,,
413,0.8868431448936462,0.0015625000232830644,0.8868431448936462,0.0,0.8863455653190613,0.0,,,0.8886345624923706,0.0,,
414,0.887340784072876,0.0015625000232830644,0.8883360028266907,0.0,0.8862460255622864,0.0,,,0.8883360028266907,0.0,,
415,0.8869426846504211,0.004166666883975267,0.8888335824012756,0.0,0.8859474658966064,0.0,,,0.8884354829788208,0.0,,
416,0.8868431448936462,0.0031250000465661287,0.8865445852279663,0.0,0.8859474658966064,0.0,,,0.8883360028266907,0.0,,
417,0.8876393437385559,0.0015625000232830644,0.8886345624923706,0.0,0.8864450454711914,0.0,,,0.8880374431610107,0.0,,
418,0.8872412443161011,0.0062500000931322575,0.8892316818237305,0.0,0.8861464858055115,0.0,,,0.8878383636474609,0.0,,
419,0.887539803981781,0.0,0.8887341022491455,0.0,0.8862460255622864,0.0,,,0.8884354829788208,0.0,,
420,0.8871417045593262,0.0015625000232830644,0.8889331221580505,0.0,0.8859474658966064,0.0,,,0.8892316818237305,0.0,,
421,0.8883360028266907,0.0015625000232830644,0.8889331221580505,0.0,0.8858479261398315,0.0,,,0.8888335824012756,0.0,,
422,0.8882364630699158,0.0015625000232830644,0.8882364630699158,0.0,0.8862460255622864,0.0,,,0.8886345624923706,0.0,,
423,0.887340784072876,0.0015625000232830644,0.8882364630699158,0.0,0.8859474658966064,0.0,,,0.8892316818237305,0.0,,
424,0.8887341022491455,0.0015625000232830644,0.8886345624923706,0.0,0.8862460255622864,0.0,,,0.8898288011550903,0.0,,
425,0.8876393437385559,0.0015625000232830644,0.8882364630699158,0.0,0.8863455653190613,0.0,,,0.8890326619148254,0.0,,
426,0.8866441249847412,0.004687500186264515,0.8893312215805054,0.0,0.8862460255622864,0.0,,,0.8893312215805054,0.0,,
427,0.8865445852279663,0.008854166604578495,0.8888335824012756,0.0,0.8861464858055115,0.0,,,0.8895302414894104,0.0,,
428,0.887340784072876,0.0015625000232830644,0.8895302414894104,0.0,0.8864450454711914,0.0,,,0.890425980091095,0.0,,
429,0.8858479261398315,0.0031250000465661287,0.8880374431610107,0.0,0.8865445852279663,0.0,,,0.8892316818237305,0.0,,
430,0.8855493664741516,0.004687500186264515,0.8876393437385559,0.0,0.8864450454711914,0.0,,,0.8892316818237305,0.0,,
431,0.8861464858055115,0.0031250000465661287,0.8864450454711914,0.0,0.8858479261398315,0.0,,,0.8896297812461853,0.0,,
432,0.8852508068084717,0.004687500186264515,0.8881369233131409,0.0,0.8856489062309265,0.0,,,0.8890326619148254,0.0,,
433,0.8857483863830566,0.0015625000232830644,0.8884354829788208,0.0,0.8859474658966064,0.0,,,0.8882364630699158,0.0,,
434,0.8857483863830566,0.0031250000465661287,0.8883360028266907,0.0,0.8860469460487366,0.0,,,0.8879379034042358,0.0,,
435,0.8869426846504211,0.0031250000465661287,0.8886345624923706,0.0,0.8859474658966064,0.0,,,0.8887341022491455,0.0,,
436,0.8865445852279663,0.0031250000465661287,0.8883360028266907,0.0,0.8861464858055115,0.0,,,0.8879379034042358,0.0,,
437,0.8868431448936462,0.004687500186264515,0.8882364630699158,0.0,0.8858479261398315,0.0,,,0.887539803981781,0.0,,
438,0.8862460255622864,0.004687500186264515,0.8881369233131409,0.0,0.8858479261398315,0.0,,,0.8888335824012756,0.0,,
439,0.8860469460487366,0.0078125,0.887738823890686,0.0,0.8857483863830566,0.0,,,0.887738823890686,0.0,,
440,0.8867436051368713,0.004687500186264515,0.887539803981781,0.0,0.8857483863830566,0.0,,,0.8881369233131409,0.0,,
441,0.8881369233131409,0.0078125,0.8885350227355957,0.0,0.8858479261398315,0.0,,,0.8879379034042358,0.0,,
442,0.8868431448936462,0.0078125,0.8886345624923706,0.0,0.8860469460487366,0.0,,,0.8874402642250061,0.0,,
443,0.8866441249847412,0.0062500000931322575,0.8885350227355957,0.0,0.8862460255622864,0.0,,,,,,
444,0.8868431448936462,0.0031250000465661287,0.8886345624923706,0.0,0.8865445852279663,0.0,,,,,,
445,0.8859474658966064,0.010937499813735485,0.8867436051368713,0.0,0.8861464858055115,0.0,,,,,,
446,0.8861464858055115,0.0078125,0.8869426846504211,0.0,0.8858479261398315,0.0,,,,,,
447,0.8872412443161011,0.0015625000232830644,0.8879379034042358,0.0,0.8860469460487366,0.0,,,,,,
448,0.887340784072876,0.0031250000465661287,,,0.8857483863830566,0.0,,,,,,
449,0.8867436051368713,0.0062500000931322575,,,0.8857483863830566,0.0,,,,,,
450,0.887738823890686,0.0,,,0.8856489062309265,0.0,,,,,,
451,0.8885350227355957,0.0015625000232830644,,,0.8855493664741516,0.0,,,,,,
452,,,,,0.8855493664741516,0.0,,,,,,
453,,,,,0.8855493664741516,0.0,,,,,,
454,,,,,0.8860469460487366,0.0,,,,,,
455,,,,,0.8858479261398315,0.0,,,,,,
456,,,,,0.8858479261398315,0.0,,,,,,
457,,,,,0.8860469460487366,0.0,,,,,,
458,,,,,0.8860469460487366,0.0,,,,,,
459,,,,,0.8860469460487366,0.0,,,,,,
460,,,,,0.8860469460487366,0.0,,,,,,
461,,,,,0.8861464858055115,0.0,,,,,,
462,,,,,0.8858479261398315,0.0,,,,,,
463,,,,,0.8855493664741516,0.0,,,,,,
464,,,,,0.8853503465652466,0.0,,,,,,
465,,,,,0.8854498267173767,0.0,,,,,,
466,,,,,0.8853503465652466,0.0,,,,,,
467,,,,,0.8856489062309265,0.0,,,,,,
468,,,,,0.8858479261398315,0.0,,,,,,
469,,,,,0.8857483863830566,0.0,,,,,,
470,,,,,0.8854498267173767,0.0,,,,,,
471,,,,,0.8856489062309265,0.0,,,,,,
472,,,,,0.8855493664741516,0.0,,,,,,
473,,,,,0.8857483863830566,0.0,,,,,,
474,,,,,0.8853503465652466,0.0,,,,,,
475,,,,,0.8856489062309265,0.0,,,,,,
476,,,,,0.8857483863830566,0.0,,,,,,
477,,,,,0.8859474658966064,0.0,,,,,,
478,,,,,0.8859474658966064,0.0,,,,,,
479,,,,,0.8858479261398315,0.0,,,,,,
480,,,,,0.8857483863830566,0.0,,,,,,
481,,,,,0.8858479261398315,0.0,,,,,,
482,,,,,0.8852508068084717,0.0,,,,,,
483,,,,,0.8851512670516968,0.0,,,,,,
484,,,,,0.8851512670516968,0.0,,,,,,
485,,,,,0.8848527073860168,0.0,,,,,,
486,,,,,0.8851512670516968,0.0,,,,,,
487,,,,,0.8853503465652466,0.0,,,,,,
488,,,,,0.8854498267173767,0.0,,,,,,
489,,,,,0.8853503465652466,0.0,,,,,,
490,,,,,0.8852508068084717,0.0,,,,,,
491,,,,,0.8846536874771118,0.0,,,,,,
492,,,,,0.8851512670516968,0.0,,,,,,
493,,,,,0.8853503465652466,0.0,,,,,,
494,,,,,0.8850517272949219,0.0,,,,,,
495,,,,,0.8851512670516968,0.0,,,,,,
496,,,,,0.8853503465652466,0.0,,,,,,
497,,,,,0.8853503465652466,0.0,,,,,,
498,,,,,0.8853503465652466,0.0,,,,,,
499,,,,,0.8852508068084717,0.0,,,,,,
500,,,,,0.8855493664741516,0.0,,,,,,
501,,,,,0.8852508068084717,0.0,,,,,,
502,,,,,0.8852508068084717,0.0,,,,,,
503,,,,,0.8854498267173767,0.0,,,,,,
504,,,,,0.8853503465652466,0.0,,,,,,
505,,,,,0.8850517272949219,0.0,,,,,,
506,,,,,0.8853503465652466,0.0,,,,,,
507,,,,,0.8848527073860168,0.0,,,,,,
508,,,,,0.8849522471427917,0.0,,,,,,
509,,,,,0.8850517272949219,0.0,,,,,,
510,,,,,0.8847531676292419,0.0,,,,,,
511,,,,,0.8848527073860168,0.0,,,,,,
512,,,,,0.8849522471427917,0.0,,,,,,
513,,,,,0.8850517272949219,0.0,,,,,,
514,,,,,0.8846536874771118,0.0,,,,,,
515,,,,,0.8845541477203369,0.0,,,,,,
516,,,,,0.8846536874771118,0.0,,,,,,
517,,,,,0.8847531676292419,0.0,,,,,,
518,,,,,0.8846536874771118,0.0,,,,,,
519,,,,,0.884454607963562,0.0,,,,,,
520,,,,,0.8848527073860168,0.0,,,,,,
521,,,,,0.8847531676292419,0.0,,,,,,
522,,,,,0.884255588054657,0.0,,,,,,
523,,,,,0.884255588054657,0.0,,,,,,
524,,,,,0.8843550682067871,0.0,,,,,,
525,,,,,0.8840565085411072,0.0,,,,,,
526,,,,,0.8843550682067871,0.0,,,,,,
527,,,,,0.8848527073860168,0.0,,,,,,
528,,,,,0.8847531676292419,0.0,,,,,,
529,,,,,0.8852508068084717,0.0,,,,,,
530,,,,,0.8853503465652466,0.0,,,,,,
531,,,,,0.8849522471427917,0.0,,,,,,
532,,,,,0.8851512670516968,0.0,,,,,,
533,,,,,0.8848527073860168,0.0,,,,,,
534,,,,,0.8850517272949219,0.0,,,,,,
535,,,,,0.8848527073860168,0.0,,,,,,
536,,,,,0.8851512670516968,0.0,,,,,,
537,,,,,0.8856489062309265,0.0,,,,,,
538,,,,,0.8856489062309265,0.0,,,,,,
539,,,,,0.8856489062309265,0.0,,,,,,
540,,,,,0.8853503465652466,0.0,,,,,,
541,,,,,0.8852508068084717,0.0,,,,,,
542,,,,,0.8855493664741516,0.0,,,,,,
543,,,,,0.8858479261398315,0.0,,,,,,
544,,,,,0.8857483863830566,0.0,,,,,,
545,,,,,0.8855493664741516,0.0,,,,,,
546,,,,,0.8850517272949219,0.0,,,,,,
547,,,,,0.8851512670516968,0.0,,,,,,
548,,,,,0.8853503465652466,0.0,,,,,,
549,,,,,0.8857483863830566,0.0,,,,,,
550,,,,,0.8857483863830566,0.0,,,,,,
551,,,,,0.8855493664741516,0.0,,,,,,
552,,,,,0.8858479261398315,0.0,,,,,,
553,,,,,0.8857483863830566,0.0,,,,,,
554,,,,,0.8856489062309265,0.0,,,,,,
555,,,,,0.8857483863830566,0.0,,,,,,
556,,,,,0.8858479261398315,0.0,,,,,,
557,,,,,0.8857483863830566,0.0,,,,,,
558,,,,,0.8855493664741516,0.0,,,,,,
559,,,,,0.8857483863830566,0.0,,,,,,
560,,,,,0.8858479261398315,0.0,,,,,,
561,,,,,0.8855493664741516,0.0,,,,,,
562,,,,,0.8859474658966064,0.0,,,,,,
563,,,,,0.8856489062309265,0.0,,,,,,
564,,,,,0.8856489062309265,0.0,,,,,,
565,,,,,0.8858479261398315,0.0,,,,,,
566,,,,,0.8855493664741516,0.0,,,,,,
567,,,,,0.8855493664741516,0.0,,,,,,
568,,,,,0.8857483863830566,0.0,,,,,,
569,,,,,0.8855493664741516,0.0,,,,,,
570,,,,,0.8854498267173767,0.0,,,,,,
571,,,,,0.8854498267173767,0.0,,,,,,
572,,,,,0.8853503465652466,0.0,,,,,,
573,,,,,0.8854498267173767,0.0,,,,,,
574,,,,,0.8853503465652466,0.0,,,,,,
575,,,,,0.8854498267173767,0.0,,,,,,
576,,,,,0.8857483863830566,0.0,,,,,,
577,,,,,0.8855493664741516,0.0,,,,,,
578,,,,,0.8854498267173767,0.0,,,,,,
579,,,,,0.8853503465652466,0.0,,,,,,
580,,,,,0.8856489062309265,0.0,,,,,,
581,,,,,0.8855493664741516,0.0,,,,,,
582,,,,,0.8856489062309265,0.0,,,,,,
583,,,,,0.8854498267173767,0.0,,,,,,
584,,,,,0.8854498267173767,0.0,,,,,,
585,,,,,0.8856489062309265,0.0,,,,,,
586,,,,,0.8856489062309265,0.0,,,,,,
587,,,,,0.8856489062309265,0.0,,,,,,
588,,,,,0.8858479261398315,0.0,,,,,,
589,,,,,0.8857483863830566,0.0,,,,,,
590,,,,,0.8856489062309265,0.0,,,,,,
591,,,,,0.8856489062309265,0.0,,,,,,
592,,,,,0.8852508068084717,0.0,,,,,,
593,,,,,0.8855493664741516,0.0,,,,,,
594,,,,,0.8856489062309265,0.0,,,,,,
595,,,,,0.8853503465652466,0.0,,,,,,
596,,,,,0.8854498267173767,0.0,,,,,,
597,,,,,0.8862460255622864,0.0,,,,,,
598,,,,,0.8862460255622864,0.0,,,,,,
599,,,,,0.8864450454711914,0.0,,,,,,
600,,,,,0.8861464858055115,0.0,,,,,,
601,,,,,0.8865445852279663,0.0,,,,,,
602,,,,,0.8865445852279663,0.0,,,,,,
603,,,,,0.8862460255622864,0.0,,,,,,
604,,,,,0.8865445852279663,0.0,,,,,,
605,,,,,0.8860469460487366,0.0,,,,,,
606,,,,,0.8858479261398315,0.0,,,,,,
607,,,,,0.8858479261398315,0.0,,,,,,
608,,,,,0.8860469460487366,0.0,,,,,,
609,,,,,0.8860469460487366,0.0,,,,,,
610,,,,,0.8858479261398315,0.0,,,,,,
611,,,,,0.8857483863830566,0.0,,,,,,
612,,,,,0.8855493664741516,0.0,,,,,,
613,,,,,0.8858479261398315,0.0,,,,,,
614,,,,,0.8861464858055115,0.0,,,,,,
615,,,,,0.8860469460487366,0.0,,,,,,
616,,,,,0.8857483863830566,0.0,,,,,,
617,,,,,0.8861464858055115,0.0,,,,,,
618,,,,,0.8860469460487366,0.0,,,,,,
619,,,,,0.8860469460487366,0.0,,,,,,
620,,,,,0.8861464858055115,0.0,,,,,,
